"DESCRIPTION","DURATION IN MS","NAME","PARENT SUITE","START TIME","STATUS","STOP TIME","SUB SUITE","SUITE","TEST CLASS","TEST METHOD"
"","124","healthEndpointReturns200WithStatusUp","Regression Tests","Sun Feb 15 04:17:14 UTC 2026","passed","Sun Feb 15 04:17:14 UTC 2026","ua.kpi.sc.test.api.tests.smoke.HealthCheckTest","Regression","ua.kpi.sc.test.api.tests.smoke.HealthCheckTest","healthEndpointReturns200WithStatusUp"
"","84","Forgot password with malformed JSON returns 400","Regression Tests","Sun Feb 15 04:17:00 UTC 2026","passed","Sun Feb 15 04:17:00 UTC 2026","ua.kpi.sc.test.api.tests.auth.AuthForgotPasswordTest","Regression","ua.kpi.sc.test.api.tests.auth.AuthForgotPasswordTest","forgotPasswordWithMalformedJsonReturns400"
"","54","Create user with invalid email returns 400","Regression Tests","Sun Feb 15 04:17:16 UTC 2026","passed","Sun Feb 15 04:17:16 UTC 2026","ua.kpi.sc.test.api.tests.user.UserCreateTest","Regression","ua.kpi.sc.test.api.tests.user.UserCreateTest","createUserInvalidEmailReturns400"
"","61","Create user without auth returns 401","Regression Tests","Sun Feb 15 04:17:21 UTC 2026","passed","Sun Feb 15 04:17:22 UTC 2026","ua.kpi.sc.test.api.tests.user.UserCreateTest","Regression","ua.kpi.sc.test.api.tests.user.UserCreateTest","createUserWithoutAuthReturns401"
"","559","GET /me returns all required fields non-null","Regression Tests","Sun Feb 15 04:17:12 UTC 2026","passed","Sun Feb 15 04:17:12 UTC 2026","ua.kpi.sc.test.api.tests.auth.AuthMeTest","Regression","ua.kpi.sc.test.api.tests.auth.AuthMeTest","meReturnsAllRequiredFields"
"","39","Google OAuth redirect Location contains openid scope","Regression Tests","Sun Feb 15 04:17:09 UTC 2026","passed","Sun Feb 15 04:17:10 UTC 2026","ua.kpi.sc.test.api.tests.auth.AuthGoogleOAuthTest","Regression","ua.kpi.sc.test.api.tests.auth.AuthGoogleOAuthTest","googleOAuthRedirectLocationContainsOpenidScope"
"","1006","Reset invalidates existing access tokens (stateless JWT behavior)","Regression Tests","Sun Feb 15 04:17:02 UTC 2026","passed","Sun Feb 15 04:17:03 UTC 2026","ua.kpi.sc.test.api.tests.auth.AuthPasswordResetFlowTest","Regression","ua.kpi.sc.test.api.tests.auth.AuthPasswordResetFlowTest","resetInvalidatesExistingAccessTokensOrNot"
"","633","Register returns capabilityTier >= 0","Regression Tests","Sun Feb 15 04:17:17 UTC 2026","passed","Sun Feb 15 04:17:18 UTC 2026","ua.kpi.sc.test.api.tests.auth.AuthRegisterTest","Regression","ua.kpi.sc.test.api.tests.auth.AuthRegisterTest","registerReturnsCapabilityTier"
"","25","POST /oauth2/google returns 405","Regression Tests","Sun Feb 15 04:17:09 UTC 2026","passed","Sun Feb 15 04:17:09 UTC 2026","ua.kpi.sc.test.api.tests.auth.AuthGoogleOAuthTest","Regression","ua.kpi.sc.test.api.tests.auth.AuthGoogleOAuthTest","googleOAuthMethodNotAllowedPost"
"","183","Google OAuth callback with invalid code returns error redirect","Regression Tests","Sun Feb 15 04:17:09 UTC 2026","passed","Sun Feb 15 04:17:09 UTC 2026","ua.kpi.sc.test.api.tests.auth.AuthGoogleOAuthTest","Regression","ua.kpi.sc.test.api.tests.auth.AuthGoogleOAuthTest","googleOAuthCallbackWithInvalidCodeReturnsError"
"","501","Register with duplicate email returns 409","Regression Tests","Sun Feb 15 04:17:12 UTC 2026","passed","Sun Feb 15 04:17:13 UTC 2026","ua.kpi.sc.test.api.tests.auth.AuthRegisterTest","Regression","ua.kpi.sc.test.api.tests.auth.AuthRegisterTest","registerDuplicateEmailReturns409"
"","1039","Login with wrong password returns 401","Regression Tests","Sun Feb 15 04:17:10 UTC 2026","passed","Sun Feb 15 04:17:11 UTC 2026","ua.kpi.sc.test.api.tests.auth.AuthLoginTest","Regression","ua.kpi.sc.test.api.tests.auth.AuthLoginTest","loginWithInvalidCredentialsReturns401"
"","38","Register with plain text content type returns 415","Regression Tests","Sun Feb 15 04:17:26 UTC 2026","passed","Sun Feb 15 04:17:26 UTC 2026","ua.kpi.sc.test.api.tests.auth.AuthRegisterTest","Regression","ua.kpi.sc.test.api.tests.auth.AuthRegisterTest","registerWithPlainTextReturns415"
"","28","Login with null email returns 400","Regression Tests","Sun Feb 15 04:17:11 UTC 2026","passed","Sun Feb 15 04:17:11 UTC 2026","ua.kpi.sc.test.api.tests.auth.AuthLoginTest","Regression","ua.kpi.sc.test.api.tests.auth.AuthLoginTest","loginWithNullEmailReturns400"
"","2437","Cannot login with old password after change","Regression Tests","Sun Feb 15 04:17:23 UTC 2026","passed","Sun Feb 15 04:17:25 UTC 2026","ua.kpi.sc.test.api.tests.user.UserChangePasswordTest","Regression","ua.kpi.sc.test.api.tests.user.UserChangePasswordTest","cannotLoginWithOldPassword"
"","602","Register with CJK name succeeds","Regression Tests","Sun Feb 15 04:17:23 UTC 2026","passed","Sun Feb 15 04:17:23 UTC 2026","ua.kpi.sc.test.api.tests.auth.AuthRegisterTest","Regression","ua.kpi.sc.test.api.tests.auth.AuthRegisterTest","registerWithCjkNameSucceeds"
"","54","Register with empty password returns 400","Regression Tests","Sun Feb 15 04:17:24 UTC 2026","passed","Sun Feb 15 04:17:24 UTC 2026","ua.kpi.sc.test.api.tests.auth.AuthRegisterTest","Regression","ua.kpi.sc.test.api.tests.auth.AuthRegisterTest","registerWithEmptyPasswordReturns400"
"","595","Empty body returns 400","Regression Tests","Sun Feb 15 04:17:29 UTC 2026","passed","Sun Feb 15 04:17:30 UTC 2026","ua.kpi.sc.test.api.tests.user.UserChangePasswordTest","Regression","ua.kpi.sc.test.api.tests.user.UserChangePasswordTest","emptyBodyReturns400"
"","38","Register with malformed JSON returns 400","Regression Tests","Sun Feb 15 04:17:25 UTC 2026","passed","Sun Feb 15 04:17:25 UTC 2026","ua.kpi.sc.test.api.tests.auth.AuthRegisterTest","Regression","ua.kpi.sc.test.api.tests.auth.AuthRegisterTest","registerWithMalformedJsonReturns400"
"","873","Wrong current password returns 400","Regression Tests","Sun Feb 15 04:17:35 UTC 2026","passed","Sun Feb 15 04:17:36 UTC 2026","ua.kpi.sc.test.api.tests.user.UserChangePasswordTest","Regression","ua.kpi.sc.test.api.tests.user.UserChangePasswordTest","wrongCurrentPasswordReturns400"
"","502","Get user by ID returns partner roles array","Regression Tests","Sun Feb 15 04:17:28 UTC 2026","passed","Sun Feb 15 04:17:29 UTC 2026","ua.kpi.sc.test.api.tests.user.UserGetByIdTest","Regression","ua.kpi.sc.test.api.tests.user.UserGetByIdTest","getUserByIdReturnsPartnerRoles"
"","983","Assign invalid level returns 400","Regression Tests","Sun Feb 15 04:17:22 UTC 2026","passed","Sun Feb 15 04:17:23 UTC 2026","ua.kpi.sc.test.api.tests.user.UserAssignPartnerTest","Regression","ua.kpi.sc.test.api.tests.user.UserAssignPartnerTest","assignInvalidLevelReturns400"
"","1520","Login response matches auth-user-response schema","Regression Tests","Sun Feb 15 04:17:00 UTC 2026","passed","Sun Feb 15 04:17:02 UTC 2026","ua.kpi.sc.test.api.tests.auth.AuthLoginTest","Regression","ua.kpi.sc.test.api.tests.auth.AuthLoginTest","loginResponseMatchesSchema"
"","28","Google OAuth redirect Location contains client_id parameter","Regression Tests","Sun Feb 15 04:17:09 UTC 2026","passed","Sun Feb 15 04:17:09 UTC 2026","ua.kpi.sc.test.api.tests.auth.AuthGoogleOAuthTest","Regression","ua.kpi.sc.test.api.tests.auth.AuthGoogleOAuthTest","googleOAuthRedirectLocationContainsClientId"
"","95","List users returns paginated response","Regression Tests","Sun Feb 15 04:17:28 UTC 2026","passed","Sun Feb 15 04:17:28 UTC 2026","ua.kpi.sc.test.api.tests.user.UserTest","Regression","ua.kpi.sc.test.api.tests.user.UserTest","listUsersReturnsPaginatedResponse"
"","1245","apiDocsEndpointReturnsOpenApiSpec","Regression Tests","Sun Feb 15 04:17:13 UTC 2026","passed","Sun Feb 15 04:17:14 UTC 2026","ua.kpi.sc.test.api.tests.smoke.SwaggerAvailabilityTest","Regression","ua.kpi.sc.test.api.tests.smoke.SwaggerAvailabilityTest","apiDocsEndpointReturnsOpenApiSpec"
"","29","Register with empty JSON object returns 400","Regression Tests","Sun Feb 15 04:17:24 UTC 2026","passed","Sun Feb 15 04:17:24 UTC 2026","ua.kpi.sc.test.api.tests.auth.AuthRegisterTest","Regression","ua.kpi.sc.test.api.tests.auth.AuthRegisterTest","registerWithEmptyJsonObjectReturns400"
"","612","Logout clears session and returns 200","Regression Tests","Sun Feb 15 04:17:12 UTC 2026","passed","Sun Feb 15 04:17:13 UTC 2026","ua.kpi.sc.test.api.tests.auth.AuthLogoutTest","Regression","ua.kpi.sc.test.api.tests.auth.AuthLogoutTest","logoutClearsSession"
"","597","Malformed JSON returns 400","Regression Tests","Sun Feb 15 04:17:31 UTC 2026","passed","Sun Feb 15 04:17:32 UTC 2026","ua.kpi.sc.test.api.tests.user.UserChangePasswordTest","Regression","ua.kpi.sc.test.api.tests.user.UserChangePasswordTest","malformedJsonReturns400"
"","1440","Register -> login -> logout -> refresh with login refresh token returns 401","Regression Tests","Sun Feb 15 04:17:05 UTC 2026","passed","Sun Feb 15 04:17:07 UTC 2026","ua.kpi.sc.test.api.tests.auth.AuthFlowTest","Regression","ua.kpi.sc.test.api.tests.auth.AuthFlowTest","registerLoginLogoutCannotRefresh"
"","1821","8-char new password returns 204","Regression Tests","Sun Feb 15 04:17:28 UTC 2026","passed","Sun Feb 15 04:17:29 UTC 2026","ua.kpi.sc.test.api.tests.user.UserChangePasswordTest","Regression","ua.kpi.sc.test.api.tests.user.UserChangePasswordTest","eightCharNewPasswordReturns204"
"","12","DELETE /refresh returns 405","Regression Tests","Sun Feb 15 04:17:12 UTC 2026","passed","Sun Feb 15 04:17:12 UTC 2026","ua.kpi.sc.test.api.tests.auth.AuthRefreshTest","Regression","ua.kpi.sc.test.api.tests.auth.AuthRefreshTest","refreshMethodNotAllowedDelete"
"","1072","Refresh token rotates tokens and returns user data","Regression Tests","Sun Feb 15 04:17:20 UTC 2026","passed","Sun Feb 15 04:17:21 UTC 2026","ua.kpi.sc.test.api.tests.auth.AuthRefreshTest","Regression","ua.kpi.sc.test.api.tests.auth.AuthRefreshTest","refreshTokenReturnsNewToken"
"","1261","Login returns the same email as registered","Regression Tests","Sun Feb 15 04:17:06 UTC 2026","passed","Sun Feb 15 04:17:07 UTC 2026","ua.kpi.sc.test.api.tests.auth.AuthLoginTest","Regression","ua.kpi.sc.test.api.tests.auth.AuthLoginTest","loginReturnsSameEmailAsRegistered"
"","40","Logout with invalid bearer token returns 401","Regression Tests","Sun Feb 15 04:17:19 UTC 2026","passed","Sun Feb 15 04:17:19 UTC 2026","ua.kpi.sc.test.api.tests.auth.AuthLogoutTest","Regression","ua.kpi.sc.test.api.tests.auth.AuthLogoutTest","logoutWithInvalidTokenReturns401"
"","922","Refresh sets both access_token and refresh_token cookies","Regression Tests","Sun Feb 15 04:17:17 UTC 2026","passed","Sun Feb 15 04:17:18 UTC 2026","ua.kpi.sc.test.api.tests.auth.AuthRefreshTest","Regression","ua.kpi.sc.test.api.tests.auth.AuthRefreshTest","refreshSetsBothCookies"
"","10","PATCH /refresh returns 405","Regression Tests","Sun Feb 15 04:17:12 UTC 2026","passed","Sun Feb 15 04:17:12 UTC 2026","ua.kpi.sc.test.api.tests.auth.AuthRefreshTest","Regression","ua.kpi.sc.test.api.tests.auth.AuthRefreshTest","refreshMethodNotAllowedPatch"
"","27","Forgot password with empty body returns 400","Regression Tests","Sun Feb 15 04:17:00 UTC 2026","passed","Sun Feb 15 04:17:00 UTC 2026","ua.kpi.sc.test.api.tests.auth.AuthForgotPasswordTest","Regression","ua.kpi.sc.test.api.tests.auth.AuthForgotPasswordTest","forgotPasswordWithEmptyBodyReturns400"
"","573","PUT /logout returns 405","Regression Tests","Sun Feb 15 04:17:17 UTC 2026","passed","Sun Feb 15 04:17:18 UTC 2026","ua.kpi.sc.test.api.tests.auth.AuthLogoutTest","Regression","ua.kpi.sc.test.api.tests.auth.AuthLogoutTest","logoutMethodNotAllowedPut"
"","525","Logout clears refresh_token cookie specifically with Max-Age=0","Regression Tests","Sun Feb 15 04:17:12 UTC 2026","passed","Sun Feb 15 04:17:12 UTC 2026","ua.kpi.sc.test.api.tests.auth.AuthLogoutTest","Regression","ua.kpi.sc.test.api.tests.auth.AuthLogoutTest","logoutClearsRefreshTokenCookieSpecifically"
"","21","Reset password with short password (7 chars) returns 400","Regression Tests","Sun Feb 15 04:17:11 UTC 2026","passed","Sun Feb 15 04:17:11 UTC 2026","ua.kpi.sc.test.api.tests.auth.AuthResetPasswordTest","Regression","ua.kpi.sc.test.api.tests.auth.AuthResetPasswordTest","resetPasswordWithShortPasswordReturns400"
"","779","PUT /users/{id}/status returns 405 Method Not Allowed","Regression Tests","Sun Feb 15 04:17:20 UTC 2026","passed","Sun Feb 15 04:17:21 UTC 2026","ua.kpi.sc.test.api.tests.user.UserUpdateStatusTest","Regression","ua.kpi.sc.test.api.tests.user.UserUpdateStatusTest","putStatusReturns405"
"","558","Get user by ID returns 200 with all fields","Regression Tests","Sun Feb 15 04:17:28 UTC 2026","passed","Sun Feb 15 04:17:28 UTC 2026","ua.kpi.sc.test.api.tests.user.UserGetByIdTest","Regression","ua.kpi.sc.test.api.tests.user.UserGetByIdTest","getUserByIdReturns200"
"","674","Forgot password returns 204 for registered email","Regression Tests","Sun Feb 15 04:16:58 UTC 2026","passed","Sun Feb 15 04:16:59 UTC 2026","ua.kpi.sc.test.api.tests.auth.AuthForgotPasswordTest","Regression","ua.kpi.sc.test.api.tests.auth.AuthForgotPasswordTest","forgotPasswordReturns204ForRegisteredEmail"
"","170","healthEndpointResponseTimeIsAcceptable","Regression Tests","Sun Feb 15 04:17:14 UTC 2026","passed","Sun Feb 15 04:17:14 UTC 2026","ua.kpi.sc.test.api.tests.smoke.HealthCheckTest","Regression","ua.kpi.sc.test.api.tests.smoke.HealthCheckTest","healthEndpointResponseTimeIsAcceptable"
"","990","Reset password with valid token returns 204","Regression Tests","Sun Feb 15 04:17:11 UTC 2026","passed","Sun Feb 15 04:17:12 UTC 2026","ua.kpi.sc.test.api.tests.auth.AuthResetPasswordTest","Regression","ua.kpi.sc.test.api.tests.auth.AuthResetPasswordTest","resetPasswordWithValidTokenReturns204"
"","17","Reset password with null new password returns 400","Regression Tests","Sun Feb 15 04:17:10 UTC 2026","passed","Sun Feb 15 04:17:10 UTC 2026","ua.kpi.sc.test.api.tests.auth.AuthResetPasswordTest","Regression","ua.kpi.sc.test.api.tests.auth.AuthResetPasswordTest","resetPasswordWithNullPasswordReturns400"
"","1742","Full flow: register -> forgot -> MailPit -> extract token -> reset -> login with new password","Regression Tests","Sun Feb 15 04:16:59 UTC 2026","passed","Sun Feb 15 04:17:01 UTC 2026","ua.kpi.sc.test.api.tests.auth.AuthPasswordResetFlowTest","Regression","ua.kpi.sc.test.api.tests.auth.AuthPasswordResetFlowTest","fullPasswordResetFlow"
"","479","Filter by tier returns matching users","Regression Tests","Sun Feb 15 04:17:24 UTC 2026","passed","Sun Feb 15 04:17:25 UTC 2026","ua.kpi.sc.test.api.tests.user.UserSearchFilterTest","Regression","ua.kpi.sc.test.api.tests.user.UserSearchFilterTest","filterByTierReturnsMatching"
"","504","Refresh response matches auth-user-response schema","Regression Tests","Sun Feb 15 04:17:13 UTC 2026","passed","Sun Feb 15 04:17:14 UTC 2026","ua.kpi.sc.test.api.tests.auth.AuthRefreshTest","Regression","ua.kpi.sc.test.api.tests.auth.AuthRefreshTest","refreshResponseMatchesSchema"
"","1284","Reset password invalidates all refresh tokens","Regression Tests","Sun Feb 15 04:17:05 UTC 2026","passed","Sun Feb 15 04:17:06 UTC 2026","ua.kpi.sc.test.api.tests.auth.AuthResetPasswordTest","Regression","ua.kpi.sc.test.api.tests.auth.AuthResetPasswordTest","resetPasswordInvalidatesRefreshTokens"
"","688","Assign partner level returns 201","Regression Tests","Sun Feb 15 04:17:25 UTC 2026","passed","Sun Feb 15 04:17:26 UTC 2026","ua.kpi.sc.test.api.tests.user.UserAssignPartnerTest","Regression","ua.kpi.sc.test.api.tests.user.UserAssignPartnerTest","assignPartnerLevelReturns201"
"","1091","Register -> login -> refresh with login refresh token returns 200 with user data","Regression Tests","Sun Feb 15 04:17:03 UTC 2026","passed","Sun Feb 15 04:17:05 UTC 2026","ua.kpi.sc.test.api.tests.auth.AuthFlowTest","Regression","ua.kpi.sc.test.api.tests.auth.AuthFlowTest","refreshAfterLoginUsesLoginRefreshToken"
"","106","GET /login returns 405","Regression Tests","Sun Feb 15 04:16:57 UTC 2026","passed","Sun Feb 15 04:16:57 UTC 2026","ua.kpi.sc.test.api.tests.auth.AuthLoginTest","Regression","ua.kpi.sc.test.api.tests.auth.AuthLoginTest","loginMethodNotAllowedGet"
"","545","Logout returns empty or no body","Regression Tests","Sun Feb 15 04:17:18 UTC 2026","passed","Sun Feb 15 04:17:19 UTC 2026","ua.kpi.sc.test.api.tests.auth.AuthLogoutTest","Regression","ua.kpi.sc.test.api.tests.auth.AuthLogoutTest","logoutReturnsEmptyOrNoBody"
"","1050","Login returns both access and refresh cookies","Regression Tests","Sun Feb 15 04:17:02 UTC 2026","passed","Sun Feb 15 04:17:03 UTC 2026","ua.kpi.sc.test.api.tests.auth.AuthLoginTest","Regression","ua.kpi.sc.test.api.tests.auth.AuthLoginTest","loginReturnsAccessAndRefreshCookies"
"","86","GET /forgot-password returns 405","Regression Tests","Sun Feb 15 04:16:57 UTC 2026","passed","Sun Feb 15 04:16:57 UTC 2026","ua.kpi.sc.test.api.tests.auth.AuthForgotPasswordTest","Regression","ua.kpi.sc.test.api.tests.auth.AuthForgotPasswordTest","forgotPasswordMethodNotAllowedGet"
"","33","Remove partner for non-existent user returns 404","Regression Tests","Sun Feb 15 04:17:27 UTC 2026","passed","Sun Feb 15 04:17:27 UTC 2026","ua.kpi.sc.test.api.tests.user.UserRemovePartnerTest","Regression","ua.kpi.sc.test.api.tests.user.UserRemovePartnerTest","removePartnerForNonExistentUserReturns404"
"","589","Access token may still be valid for /me after logout (stateless JWT)","Regression Tests","Sun Feb 15 04:17:11 UTC 2026","passed","Sun Feb 15 04:17:11 UTC 2026","ua.kpi.sc.test.api.tests.auth.AuthLogoutTest","Regression","ua.kpi.sc.test.api.tests.auth.AuthLogoutTest","logoutAccessTokenStillValidForMe"
"","44","Register with null firstName returns 400","Regression Tests","Sun Feb 15 04:17:25 UTC 2026","passed","Sun Feb 15 04:17:26 UTC 2026","ua.kpi.sc.test.api.tests.auth.AuthRegisterTest","Regression","ua.kpi.sc.test.api.tests.auth.AuthRegisterTest","registerWithNullFirstNameReturns400"
"","702","GET /me with access_token cookie succeeds","Regression Tests","Sun Feb 15 04:17:18 UTC 2026","passed","Sun Feb 15 04:17:18 UTC 2026","ua.kpi.sc.test.api.tests.auth.AuthMeTest","Regression","ua.kpi.sc.test.api.tests.auth.AuthMeTest","meWithAccessTokenCookieSucceeds"
"","824","Logout is idempotent or rejects already-invalidated token","Regression Tests","Sun Feb 15 04:17:14 UTC 2026","passed","Sun Feb 15 04:17:15 UTC 2026","ua.kpi.sc.test.api.tests.auth.AuthLogoutTest","Regression","ua.kpi.sc.test.api.tests.auth.AuthLogoutTest","logoutIdempotent"
"","30","Forgot password with null email returns 400","Regression Tests","Sun Feb 15 04:17:00 UTC 2026","passed","Sun Feb 15 04:17:00 UTC 2026","ua.kpi.sc.test.api.tests.auth.AuthForgotPasswordTest","Regression","ua.kpi.sc.test.api.tests.auth.AuthForgotPasswordTest","forgotPasswordWithNullEmailReturns400"
"","901","PATCH /users/{id}/status to reactivate returns 200 with active=true","Regression Tests","Sun Feb 15 04:17:21 UTC 2026","passed","Sun Feb 15 04:17:22 UTC 2026","ua.kpi.sc.test.api.tests.user.UserUpdateStatusTest","Regression","ua.kpi.sc.test.api.tests.user.UserUpdateStatusTest","reactivateUserReturns200"
"","620","Empty new password returns 400","Regression Tests","Sun Feb 15 04:17:31 UTC 2026","passed","Sun Feb 15 04:17:31 UTC 2026","ua.kpi.sc.test.api.tests.user.UserChangePasswordTest","Regression","ua.kpi.sc.test.api.tests.user.UserChangePasswordTest","emptyNewPasswordReturns400"
"","808","Filter by active status returns matching","Regression Tests","Sun Feb 15 04:17:23 UTC 2026","passed","Sun Feb 15 04:17:24 UTC 2026","ua.kpi.sc.test.api.tests.user.UserSearchFilterTest","Regression","ua.kpi.sc.test.api.tests.user.UserSearchFilterTest","filterByActiveStatus"
"","634","Refresh cookies have SameSite=Lax attribute","Regression Tests","Sun Feb 15 04:16:58 UTC 2026","passed","Sun Feb 15 04:16:59 UTC 2026","ua.kpi.sc.test.api.tests.auth.AuthCookieContractTest","Regression","ua.kpi.sc.test.api.tests.auth.AuthCookieContractTest","refreshCookiesHaveSameSiteLax"
"","533","Register with extra unknown fields succeeds","Regression Tests","Sun Feb 15 04:17:24 UTC 2026","passed","Sun Feb 15 04:17:25 UTC 2026","ua.kpi.sc.test.api.tests.auth.AuthRegisterTest","Regression","ua.kpi.sc.test.api.tests.auth.AuthRegisterTest","registerWithExtraUnknownFieldsSucceeds"
"","756","Register with Unicode (Cyrillic) names succeeds","Regression Tests","Sun Feb 15 04:17:27 UTC 2026","passed","Sun Feb 15 04:17:28 UTC 2026","ua.kpi.sc.test.api.tests.auth.AuthRegisterTest","Regression","ua.kpi.sc.test.api.tests.auth.AuthRegisterTest","registerWithUnicodeNamesSucceeds"
"","701","Refresh response content type is application/json","Regression Tests","Sun Feb 15 04:17:12 UTC 2026","passed","Sun Feb 15 04:17:13 UTC 2026","ua.kpi.sc.test.api.tests.auth.AuthRefreshTest","Regression","ua.kpi.sc.test.api.tests.auth.AuthRefreshTest","refreshResponseContentTypeIsJson"
"","47","Reset password 400 matches ProblemDetail schema","Regression Tests","Sun Feb 15 04:17:05 UTC 2026","passed","Sun Feb 15 04:17:05 UTC 2026","ua.kpi.sc.test.api.tests.auth.AuthResetPasswordTest","Regression","ua.kpi.sc.test.api.tests.auth.AuthResetPasswordTest","resetPassword400MatchesProblemDetailSchema"
"","30","Reset password with empty new password returns 400","Regression Tests","Sun Feb 15 04:17:10 UTC 2026","passed","Sun Feb 15 04:17:10 UTC 2026","ua.kpi.sc.test.api.tests.auth.AuthResetPasswordTest","Regression","ua.kpi.sc.test.api.tests.auth.AuthResetPasswordTest","resetPasswordWithEmptyPasswordReturns400"
"","34","Reset password with invalid token returns 400","Regression Tests","Sun Feb 15 04:17:10 UTC 2026","passed","Sun Feb 15 04:17:10 UTC 2026","ua.kpi.sc.test.api.tests.auth.AuthResetPasswordTest","Regression","ua.kpi.sc.test.api.tests.auth.AuthResetPasswordTest","resetPasswordWithInvalidTokenReturns400"
"","768","GET /me response Content-Type is application/json","Regression Tests","Sun Feb 15 04:17:10 UTC 2026","passed","Sun Feb 15 04:17:11 UTC 2026","ua.kpi.sc.test.api.tests.auth.AuthMeTest","Regression","ua.kpi.sc.test.api.tests.auth.AuthMeTest","meResponseContentTypeIsJson"
"","44","Forgot password returns 204 for non-existent email (enumeration prevention)","Regression Tests","Sun Feb 15 04:16:58 UTC 2026","passed","Sun Feb 15 04:16:58 UTC 2026","ua.kpi.sc.test.api.tests.auth.AuthForgotPasswordTest","Regression","ua.kpi.sc.test.api.tests.auth.AuthForgotPasswordTest","forgotPasswordReturns204ForNonExistentEmail"
"","899","Refresh returns same user data as registration","Regression Tests","Sun Feb 15 04:17:15 UTC 2026","passed","Sun Feb 15 04:17:16 UTC 2026","ua.kpi.sc.test.api.tests.auth.AuthRefreshTest","Regression","ua.kpi.sc.test.api.tests.auth.AuthRefreshTest","refreshReturnsSameUserData"
"","2167","Login multiple times with same credentials succeeds","Regression Tests","Sun Feb 15 04:16:57 UTC 2026","passed","Sun Feb 15 04:16:59 UTC 2026","ua.kpi.sc.test.api.tests.auth.AuthLoginTest","Regression","ua.kpi.sc.test.api.tests.auth.AuthLoginTest","loginMultipleTimesSucceeds"
"","16","Register with XSS in name fields is rejected with 400","Regression Tests","Sun Feb 15 04:17:28 UTC 2026","passed","Sun Feb 15 04:17:28 UTC 2026","ua.kpi.sc.test.api.tests.auth.AuthRegisterTest","Regression","ua.kpi.sc.test.api.tests.auth.AuthRegisterTest","registerWithXssInNameFields"
"","55","PUT /users/me returns 405","Regression Tests","Sun Feb 15 04:17:23 UTC 2026","passed","Sun Feb 15 04:17:23 UTC 2026","ua.kpi.sc.test.api.tests.user.UserSelfUpdateTest","Regression","ua.kpi.sc.test.api.tests.user.UserSelfUpdateTest","putMeReturns405"
"","48","Register with very long email returns 400","Regression Tests","Sun Feb 15 04:17:28 UTC 2026","passed","Sun Feb 15 04:17:28 UTC 2026","ua.kpi.sc.test.api.tests.auth.AuthRegisterTest","Regression","ua.kpi.sc.test.api.tests.auth.AuthRegisterTest","registerWithVeryLongEmailReturns400"
"","677","Refresh rotates access token to a new value","Regression Tests","Sun Feb 15 04:17:16 UTC 2026","passed","Sun Feb 15 04:17:17 UTC 2026","ua.kpi.sc.test.api.tests.auth.AuthRefreshTest","Regression","ua.kpi.sc.test.api.tests.auth.AuthRefreshTest","refreshRotatesAccessToken"
"","44","Register with XSS in email returns 400","Regression Tests","Sun Feb 15 04:17:28 UTC 2026","passed","Sun Feb 15 04:17:28 UTC 2026","ua.kpi.sc.test.api.tests.auth.AuthRegisterTest","Regression","ua.kpi.sc.test.api.tests.auth.AuthRegisterTest","registerWithXssInEmailReturns400"
"","1268","Reset password with 8-char password succeeds","Regression Tests","Sun Feb 15 04:17:09 UTC 2026","passed","Sun Feb 15 04:17:10 UTC 2026","ua.kpi.sc.test.api.tests.auth.AuthResetPasswordTest","Regression","ua.kpi.sc.test.api.tests.auth.AuthResetPasswordTest","resetPasswordWith8CharPasswordSucceeds"
"","38","Update self without auth returns 401","Regression Tests","Sun Feb 15 04:17:23 UTC 2026","passed","Sun Feb 15 04:17:23 UTC 2026","ua.kpi.sc.test.api.tests.user.UserSelfUpdateTest","Regression","ua.kpi.sc.test.api.tests.user.UserSelfUpdateTest","updateSelfWithoutAuthReturns401"
"","615","Refresh cookies have Path=/","Regression Tests","Sun Feb 15 04:16:58 UTC 2026","passed","Sun Feb 15 04:16:58 UTC 2026","ua.kpi.sc.test.api.tests.auth.AuthCookieContractTest","Regression","ua.kpi.sc.test.api.tests.auth.AuthCookieContractTest","refreshCookiesHavePathSlash"
"","665","Logout clears access_token cookie specifically with Max-Age=0","Regression Tests","Sun Feb 15 04:17:11 UTC 2026","passed","Sun Feb 15 04:17:12 UTC 2026","ua.kpi.sc.test.api.tests.auth.AuthLogoutTest","Regression","ua.kpi.sc.test.api.tests.auth.AuthLogoutTest","logoutClearsAccessTokenCookieSpecifically"
"","19","Register with null lastName returns 400","Regression Tests","Sun Feb 15 04:17:26 UTC 2026","passed","Sun Feb 15 04:17:26 UTC 2026","ua.kpi.sc.test.api.tests.auth.AuthRegisterTest","Regression","ua.kpi.sc.test.api.tests.auth.AuthRegisterTest","registerWithNullLastNameReturns400"
"","64","Refresh with empty cookie returns 401","Regression Tests","Sun Feb 15 04:17:22 UTC 2026","passed","Sun Feb 15 04:17:22 UTC 2026","ua.kpi.sc.test.api.tests.auth.AuthRefreshTest","Regression","ua.kpi.sc.test.api.tests.auth.AuthRefreshTest","refreshWithEmptyCookieReturns401"
"","1147","72-char new password returns 204","Regression Tests","Sun Feb 15 04:17:32 UTC 2026","passed","Sun Feb 15 04:17:33 UTC 2026","ua.kpi.sc.test.api.tests.user.UserChangePasswordTest","Regression","ua.kpi.sc.test.api.tests.user.UserChangePasswordTest","maxLengthNewPasswordReturns204"
"","24","Login with empty JSON object returns 400","Regression Tests","Sun Feb 15 04:17:10 UTC 2026","passed","Sun Feb 15 04:17:10 UTC 2026","ua.kpi.sc.test.api.tests.auth.AuthLoginTest","Regression","ua.kpi.sc.test.api.tests.auth.AuthLoginTest","loginWithEmptyJsonObjectReturns400"
"","39","Google OAuth callback without state cookie returns error redirect","Regression Tests","Sun Feb 15 04:17:09 UTC 2026","passed","Sun Feb 15 04:17:09 UTC 2026","ua.kpi.sc.test.api.tests.auth.AuthGoogleOAuthTest","Regression","ua.kpi.sc.test.api.tests.auth.AuthGoogleOAuthTest","googleOAuthCallbackWithoutStateCookieReturnsError"
"","1100","Login sets HttpOnly cookies","Regression Tests","Sun Feb 15 04:17:09 UTC 2026","passed","Sun Feb 15 04:17:10 UTC 2026","ua.kpi.sc.test.api.tests.auth.AuthLoginTest","Regression","ua.kpi.sc.test.api.tests.auth.AuthLoginTest","loginSetsHttpOnlyCookies"
"","26","Google OAuth callback with no params returns error","Regression Tests","Sun Feb 15 04:17:09 UTC 2026","passed","Sun Feb 15 04:17:09 UTC 2026","ua.kpi.sc.test.api.tests.auth.AuthGoogleOAuthTest","Regression","ua.kpi.sc.test.api.tests.auth.AuthGoogleOAuthTest","googleOAuthCallbackWithNoParamsReturnsError"
"","20","Google OAuth redirect Location contains redirect_uri parameter","Regression Tests","Sun Feb 15 04:17:10 UTC 2026","passed","Sun Feb 15 04:17:10 UTC 2026","ua.kpi.sc.test.api.tests.auth.AuthGoogleOAuthTest","Regression","ua.kpi.sc.test.api.tests.auth.AuthGoogleOAuthTest","googleOAuthRedirectLocationContainsRedirectUri"
"","19","DELETE /reset-password returns 405","Regression Tests","Sun Feb 15 04:17:06 UTC 2026","passed","Sun Feb 15 04:17:06 UTC 2026","ua.kpi.sc.test.api.tests.auth.AuthResetPasswordTest","Regression","ua.kpi.sc.test.api.tests.auth.AuthResetPasswordTest","resetPasswordMethodNotAllowedDelete"
"","22","Login with null password returns 400","Regression Tests","Sun Feb 15 04:17:11 UTC 2026","passed","Sun Feb 15 04:17:11 UTC 2026","ua.kpi.sc.test.api.tests.auth.AuthLoginTest","Regression","ua.kpi.sc.test.api.tests.auth.AuthLoginTest","loginWithNullPasswordReturns400"
"","19","PATCH /oauth2/google returns 405","Regression Tests","Sun Feb 15 04:17:09 UTC 2026","passed","Sun Feb 15 04:17:09 UTC 2026","ua.kpi.sc.test.api.tests.auth.AuthGoogleOAuthTest","Regression","ua.kpi.sc.test.api.tests.auth.AuthGoogleOAuthTest","googleOAuthMethodNotAllowedPatch"
"","90","Expired/invalid access token returns 401","Regression Tests","Sun Feb 15 04:17:06 UTC 2026","passed","Sun Feb 15 04:17:06 UTC 2026","ua.kpi.sc.test.api.tests.auth.AuthMeTest","Regression","ua.kpi.sc.test.api.tests.auth.AuthMeTest","expiredTokenReturns401"
"","46","PUT /reset-password returns 405","Regression Tests","Sun Feb 15 04:17:06 UTC 2026","passed","Sun Feb 15 04:17:06 UTC 2026","ua.kpi.sc.test.api.tests.auth.AuthResetPasswordTest","Regression","ua.kpi.sc.test.api.tests.auth.AuthResetPasswordTest","resetPasswordMethodNotAllowedPut"
"","41","GET /refresh 405 matches ProblemDetail schema","Regression Tests","Sun Feb 15 04:17:10 UTC 2026","passed","Sun Feb 15 04:17:11 UTC 2026","ua.kpi.sc.test.api.tests.auth.AuthRefreshTest","Regression","ua.kpi.sc.test.api.tests.auth.AuthRefreshTest","refresh405MatchesProblemDetailSchema"
"","26","GET /me with empty Bearer token returns 401","Regression Tests","Sun Feb 15 04:17:18 UTC 2026","passed","Sun Feb 15 04:17:18 UTC 2026","ua.kpi.sc.test.api.tests.auth.AuthMeTest","Regression","ua.kpi.sc.test.api.tests.auth.AuthMeTest","meWithEmptyBearerTokenReturns401"
"","16","Google OAuth redirect Location contains response_type=code","Regression Tests","Sun Feb 15 04:17:10 UTC 2026","passed","Sun Feb 15 04:17:10 UTC 2026","ua.kpi.sc.test.api.tests.auth.AuthGoogleOAuthTest","Regression","ua.kpi.sc.test.api.tests.auth.AuthGoogleOAuthTest","googleOAuthRedirectLocationContainsResponseTypeCode"
"","723","Register with accented name succeeds","Regression Tests","Sun Feb 15 04:17:20 UTC 2026","passed","Sun Feb 15 04:17:21 UTC 2026","ua.kpi.sc.test.api.tests.auth.AuthRegisterTest","Regression","ua.kpi.sc.test.api.tests.auth.AuthRegisterTest","registerWithAccentedNameSucceeds"
"","916","Google OAuth callback with empty code returns error","Regression Tests","Sun Feb 15 04:17:08 UTC 2026","passed","Sun Feb 15 04:17:09 UTC 2026","ua.kpi.sc.test.api.tests.auth.AuthGoogleOAuthTest","Regression","ua.kpi.sc.test.api.tests.auth.AuthGoogleOAuthTest","googleOAuthCallbackWithEmptyCodeReturnsError"
"","386","Get user without auth returns 401","Regression Tests","Sun Feb 15 04:17:29 UTC 2026","passed","Sun Feb 15 04:17:29 UTC 2026","ua.kpi.sc.test.api.tests.user.UserGetByIdTest","Regression","ua.kpi.sc.test.api.tests.user.UserGetByIdTest","getUserWithoutAuthReturns401"
"","657","Logout cookies have SameSite=Lax attribute","Regression Tests","Sun Feb 15 04:16:56 UTC 2026","passed","Sun Feb 15 04:16:57 UTC 2026","ua.kpi.sc.test.api.tests.auth.AuthCookieContractTest","Regression","ua.kpi.sc.test.api.tests.auth.AuthCookieContractTest","logoutCookiesHaveSameSiteLax"
"","801","Refresh sets HttpOnly cookies","Regression Tests","Sun Feb 15 04:17:18 UTC 2026","passed","Sun Feb 15 04:17:19 UTC 2026","ua.kpi.sc.test.api.tests.auth.AuthRefreshTest","Regression","ua.kpi.sc.test.api.tests.auth.AuthRefreshTest","refreshSetsHttpOnlyCookies"
"","44","Google OAuth callback with mismatched state returns error redirect","Regression Tests","Sun Feb 15 04:17:09 UTC 2026","passed","Sun Feb 15 04:17:09 UTC 2026","ua.kpi.sc.test.api.tests.auth.AuthGoogleOAuthTest","Regression","ua.kpi.sc.test.api.tests.auth.AuthGoogleOAuthTest","googleOAuthCallbackWithMismatchedStateReturnsError"
"","57","Register with very long name returns 400","Regression Tests","Sun Feb 15 04:17:28 UTC 2026","passed","Sun Feb 15 04:17:28 UTC 2026","ua.kpi.sc.test.api.tests.auth.AuthRegisterTest","Regression","ua.kpi.sc.test.api.tests.auth.AuthRegisterTest","registerWithVeryLongNameReturns400"
"","69","Register validation errors contain all invalid fields","Regression Tests","Sun Feb 15 04:17:20 UTC 2026","passed","Sun Feb 15 04:17:20 UTC 2026","ua.kpi.sc.test.api.tests.auth.AuthRegisterTest","Regression","ua.kpi.sc.test.api.tests.auth.AuthRegisterTest","registerValidationErrorsContainAllInvalidFields"
"","735","PATCH /users/{id}/status to deactivate returns 200 with active=false","Regression Tests","Sun Feb 15 04:17:20 UTC 2026","passed","Sun Feb 15 04:17:20 UTC 2026","ua.kpi.sc.test.api.tests.user.UserUpdateStatusTest","Regression","ua.kpi.sc.test.api.tests.user.UserUpdateStatusTest","deactivateUserReturns200"
"","11","Change password without auth returns 401","Regression Tests","Sun Feb 15 04:17:35 UTC 2026","passed","Sun Feb 15 04:17:35 UTC 2026","ua.kpi.sc.test.api.tests.user.UserChangePasswordTest","Regression","ua.kpi.sc.test.api.tests.user.UserChangePasswordTest","withoutAuthReturns401"
"","937","GET /me returns same data as registration response","Regression Tests","Sun Feb 15 04:17:16 UTC 2026","passed","Sun Feb 15 04:17:17 UTC 2026","ua.kpi.sc.test.api.tests.auth.AuthMeTest","Regression","ua.kpi.sc.test.api.tests.auth.AuthMeTest","meReturnsSameDataAsRegistration"
"","23","Register with SQL injection in firstName is rejected","Regression Tests","Sun Feb 15 04:17:27 UTC 2026","passed","Sun Feb 15 04:17:27 UTC 2026","ua.kpi.sc.test.api.tests.auth.AuthRegisterTest","Regression","ua.kpi.sc.test.api.tests.auth.AuthRegisterTest","registerWithSqlInjectionInFirstName"
"","27","GET /register 405 matches ProblemDetail schema","Regression Tests","Sun Feb 15 04:17:12 UTC 2026","passed","Sun Feb 15 04:17:12 UTC 2026","ua.kpi.sc.test.api.tests.auth.AuthRegisterTest","Regression","ua.kpi.sc.test.api.tests.auth.AuthRegisterTest","register405MatchesProblemDetailSchema"
"","973","Create user returns 201 with correct fields","Regression Tests","Sun Feb 15 04:17:16 UTC 2026","passed","Sun Feb 15 04:17:17 UTC 2026","ua.kpi.sc.test.api.tests.user.UserCreateTest","Regression","ua.kpi.sc.test.api.tests.user.UserCreateTest","createUserReturns201"
"","1337","Both register and login access tokens are valid for getMe","Regression Tests","Sun Feb 15 04:17:00 UTC 2026","passed","Sun Feb 15 04:17:01 UTC 2026","ua.kpi.sc.test.api.tests.auth.AuthFlowTest","Regression","ua.kpi.sc.test.api.tests.auth.AuthFlowTest","loginAfterRegistrationBothTokensWork"
"","604","Register -> getMe: user data matches registration request","Regression Tests","Sun Feb 15 04:17:00 UTC 2026","passed","Sun Feb 15 04:17:00 UTC 2026","ua.kpi.sc.test.api.tests.auth.AuthFlowTest","Regression","ua.kpi.sc.test.api.tests.auth.AuthFlowTest","fullRegistrationToMeFlow"
"","20","Login with malformed JSON returns 400","Regression Tests","Sun Feb 15 04:17:11 UTC 2026","passed","Sun Feb 15 04:17:11 UTC 2026","ua.kpi.sc.test.api.tests.auth.AuthLoginTest","Regression","ua.kpi.sc.test.api.tests.auth.AuthLoginTest","loginWithMalformedJsonReturns400"
"","29","Reset password with XSS in token returns 400","Regression Tests","Sun Feb 15 04:17:12 UTC 2026","passed","Sun Feb 15 04:17:12 UTC 2026","ua.kpi.sc.test.api.tests.auth.AuthResetPasswordTest","Regression","ua.kpi.sc.test.api.tests.auth.AuthResetPasswordTest","resetPasswordWithXssInTokenReturns400"
"","644","Logout cookies have Secure flag (may only be set over HTTPS)","Regression Tests","Sun Feb 15 04:16:57 UTC 2026","passed","Sun Feb 15 04:16:58 UTC 2026","ua.kpi.sc.test.api.tests.auth.AuthCookieContractTest","Regression","ua.kpi.sc.test.api.tests.auth.AuthCookieContractTest","logoutCookiesHaveSecureFlag"
"","72","Logout without auth returns 401","Regression Tests","Sun Feb 15 04:17:19 UTC 2026","passed","Sun Feb 15 04:17:20 UTC 2026","ua.kpi.sc.test.api.tests.auth.AuthLogoutTest","Regression","ua.kpi.sc.test.api.tests.auth.AuthLogoutTest","logoutWithoutAuthReturns401"
"","215","Update self preserves other fields","Regression Tests","Sun Feb 15 04:17:23 UTC 2026","passed","Sun Feb 15 04:17:23 UTC 2026","ua.kpi.sc.test.api.tests.user.UserSelfUpdateTest","Regression","ua.kpi.sc.test.api.tests.user.UserSelfUpdateTest","updateSelfPreservesOtherFields"
"","20","Refresh with invalid token returns 401","Regression Tests","Sun Feb 15 04:17:12 UTC 2026","passed","Sun Feb 15 04:17:12 UTC 2026","ua.kpi.sc.test.api.tests.auth.AuthRefreshTest","Regression","ua.kpi.sc.test.api.tests.auth.AuthRefreshTest","refreshInvalidTokenReturns401"
"","3515","Reset then forgot-password again (second cycle works)","Regression Tests","Sun Feb 15 04:17:06 UTC 2026","passed","Sun Feb 15 04:17:10 UTC 2026","ua.kpi.sc.test.api.tests.auth.AuthPasswordResetFlowTest","Regression","ua.kpi.sc.test.api.tests.auth.AuthPasswordResetFlowTest","resetThenForgotPasswordSecondCycleWorks"
"","31","Register with empty/missing fields returns 400","Regression Tests","Sun Feb 15 04:17:13 UTC 2026","passed","Sun Feb 15 04:17:13 UTC 2026","ua.kpi.sc.test.api.tests.auth.AuthRegisterTest","Regression","ua.kpi.sc.test.api.tests.auth.AuthRegisterTest","registerEmptyFieldsReturns400"
"","69","Google OAuth redirect Location contains state parameter","Regression Tests","Sun Feb 15 04:17:10 UTC 2026","passed","Sun Feb 15 04:17:10 UTC 2026","ua.kpi.sc.test.api.tests.auth.AuthGoogleOAuthTest","Regression","ua.kpi.sc.test.api.tests.auth.AuthGoogleOAuthTest","googleOAuthRedirectLocationContainsState"
"","49","Get non-existent user returns 404","Regression Tests","Sun Feb 15 04:17:28 UTC 2026","passed","Sun Feb 15 04:17:28 UTC 2026","ua.kpi.sc.test.api.tests.user.UserGetByIdTest","Regression","ua.kpi.sc.test.api.tests.user.UserGetByIdTest","getNonExistentUserReturns404"
"","553","PATCH /users/{id}/tier with valid tier returns 200","Regression Tests","Sun Feb 15 04:17:26 UTC 2026","passed","Sun Feb 15 04:17:26 UTC 2026","ua.kpi.sc.test.api.tests.user.UserUpdateTierTest","Regression","ua.kpi.sc.test.api.tests.user.UserUpdateTierTest","updateTierWithValidValue"
"","882","GET /auth/me returns current user profile with all key fields","Regression Tests","Sun Feb 15 04:17:13 UTC 2026","passed","Sun Feb 15 04:17:14 UTC 2026","ua.kpi.sc.test.api.tests.auth.AuthMeTest","Regression","ua.kpi.sc.test.api.tests.auth.AuthMeTest","meReturnsProfile"
"","665","Register -> refresh -> getMe with new token: email matches","Regression Tests","Sun Feb 15 04:16:59 UTC 2026","passed","Sun Feb 15 04:17:00 UTC 2026","ua.kpi.sc.test.api.tests.auth.AuthFlowTest","Regression","ua.kpi.sc.test.api.tests.auth.AuthFlowTest","fullRegistrationRefreshMeFlow"
"","492","Register new user returns 201 with cookies and user data","Regression Tests","Sun Feb 15 04:17:13 UTC 2026","passed","Sun Feb 15 04:17:14 UTC 2026","ua.kpi.sc.test.api.tests.auth.AuthRegisterTest","Regression","ua.kpi.sc.test.api.tests.auth.AuthRegisterTest","registerNewUser"
"","45","Login 401 matches ProblemDetail schema","Regression Tests","Sun Feb 15 04:16:59 UTC 2026","passed","Sun Feb 15 04:16:59 UTC 2026","ua.kpi.sc.test.api.tests.auth.AuthLoginTest","Regression","ua.kpi.sc.test.api.tests.auth.AuthLoginTest","loginProblemDetailSchemaOn401"
"","1851","Forgot-password for user A doesn't affect user B","Regression Tests","Sun Feb 15 04:16:54 UTC 2026","passed","Sun Feb 15 04:16:56 UTC 2026","ua.kpi.sc.test.api.tests.auth.AuthPasswordResetFlowTest","Regression","ua.kpi.sc.test.api.tests.auth.AuthPasswordResetFlowTest","forgotPasswordForUserADoesNotAffectUserB"
"","988","Login with valid credentials returns 200 with email and cookies","Regression Tests","Sun Feb 15 04:17:11 UTC 2026","passed","Sun Feb 15 04:17:12 UTC 2026","ua.kpi.sc.test.api.tests.auth.AuthLoginTest","Regression","ua.kpi.sc.test.api.tests.auth.AuthLoginTest","loginWithValidCredentials"
"","20","Register with digits in name returns 400","Regression Tests","Sun Feb 15 04:17:25 UTC 2026","passed","Sun Feb 15 04:17:25 UTC 2026","ua.kpi.sc.test.api.tests.auth.AuthRegisterTest","Regression","ua.kpi.sc.test.api.tests.auth.AuthRegisterTest","registerWithNameContainingDigitsReturns400"
"","15","PUT /refresh returns 405","Regression Tests","Sun Feb 15 04:17:12 UTC 2026","passed","Sun Feb 15 04:17:12 UTC 2026","ua.kpi.sc.test.api.tests.auth.AuthRefreshTest","Regression","ua.kpi.sc.test.api.tests.auth.AuthRefreshTest","refreshMethodNotAllowedPut"
"","2190","Change password returns 204","Regression Tests","Sun Feb 15 04:17:25 UTC 2026","passed","Sun Feb 15 04:17:28 UTC 2026","ua.kpi.sc.test.api.tests.user.UserChangePasswordTest","Regression","ua.kpi.sc.test.api.tests.user.UserChangePasswordTest","changePasswordReturns204"
"","649","Refresh returns a valid UUID as id","Regression Tests","Sun Feb 15 04:17:16 UTC 2026","passed","Sun Feb 15 04:17:16 UTC 2026","ua.kpi.sc.test.api.tests.auth.AuthRefreshTest","Regression","ua.kpi.sc.test.api.tests.auth.AuthRefreshTest","refreshReturnsValidUuid"
"","741","Logout invalidates refresh token","Regression Tests","Sun Feb 15 04:17:15 UTC 2026","passed","Sun Feb 15 04:17:15 UTC 2026","ua.kpi.sc.test.api.tests.auth.AuthLogoutTest","Regression","ua.kpi.sc.test.api.tests.auth.AuthLogoutTest","logoutInvalidatesRefreshToken"
"","21","Reset password with whitespace-only password returns 400","Regression Tests","Sun Feb 15 04:17:12 UTC 2026","passed","Sun Feb 15 04:17:12 UTC 2026","ua.kpi.sc.test.api.tests.auth.AuthResetPasswordTest","Regression","ua.kpi.sc.test.api.tests.auth.AuthResetPasswordTest","resetPasswordWithWhitespacePasswordReturns400"
"","23","Login with invalid email format returns 400","Regression Tests","Sun Feb 15 04:17:11 UTC 2026","passed","Sun Feb 15 04:17:11 UTC 2026","ua.kpi.sc.test.api.tests.auth.AuthLoginTest","Regression","ua.kpi.sc.test.api.tests.auth.AuthLoginTest","loginWithInvalidEmailFormatReturns400"
"","773","Remove partner level returns 204","Regression Tests","Sun Feb 15 04:17:27 UTC 2026","passed","Sun Feb 15 04:17:28 UTC 2026","ua.kpi.sc.test.api.tests.user.UserRemovePartnerTest","Regression","ua.kpi.sc.test.api.tests.user.UserRemovePartnerTest","removePartnerLevelReturns204"
"","439","GET /me with refresh token instead of access token returns 401","Regression Tests","Sun Feb 15 04:17:18 UTC 2026","passed","Sun Feb 15 04:17:19 UTC 2026","ua.kpi.sc.test.api.tests.auth.AuthMeTest","Regression","ua.kpi.sc.test.api.tests.auth.AuthMeTest","meWithRefreshTokenReturns401"
"","20","Reset password with empty JSON object returns 400","Regression Tests","Sun Feb 15 04:17:10 UTC 2026","passed","Sun Feb 15 04:17:10 UTC 2026","ua.kpi.sc.test.api.tests.auth.AuthResetPasswordTest","Regression","ua.kpi.sc.test.api.tests.auth.AuthResetPasswordTest","resetPasswordWithEmptyJsonObjectReturns400"
"","26","DELETE /register returns 405","Regression Tests","Sun Feb 15 04:17:13 UTC 2026","passed","Sun Feb 15 04:17:13 UTC 2026","ua.kpi.sc.test.api.tests.auth.AuthRegisterTest","Regression","ua.kpi.sc.test.api.tests.auth.AuthRegisterTest","registerMethodNotAllowedDelete"
"","539","Register with dotted name succeeds","Regression Tests","Sun Feb 15 04:17:23 UTC 2026","passed","Sun Feb 15 04:17:24 UTC 2026","ua.kpi.sc.test.api.tests.auth.AuthRegisterTest","Regression","ua.kpi.sc.test.api.tests.auth.AuthRegisterTest","registerWithDottedNameSucceeds"
"","683","Register with Arabic name succeeds","Regression Tests","Sun Feb 15 04:17:22 UTC 2026","passed","Sun Feb 15 04:17:23 UTC 2026","ua.kpi.sc.test.api.tests.auth.AuthRegisterTest","Regression","ua.kpi.sc.test.api.tests.auth.AuthRegisterTest","registerWithArabicNameSucceeds"
"","590","GET /me is idempotent — two calls return identical data","Regression Tests","Sun Feb 15 04:17:07 UTC 2026","passed","Sun Feb 15 04:17:08 UTC 2026","ua.kpi.sc.test.api.tests.auth.AuthMeTest","Regression","ua.kpi.sc.test.api.tests.auth.AuthMeTest","meIdempotent"
"","820","Register with apostrophe in name succeeds","Regression Tests","Sun Feb 15 04:17:21 UTC 2026","passed","Sun Feb 15 04:17:22 UTC 2026","ua.kpi.sc.test.api.tests.auth.AuthRegisterTest","Regression","ua.kpi.sc.test.api.tests.auth.AuthRegisterTest","registerWithApostropheNameSucceeds"
"","108","Google OAuth callback with SQL injection in code returns error","Regression Tests","Sun Feb 15 04:17:09 UTC 2026","passed","Sun Feb 15 04:17:09 UTC 2026","ua.kpi.sc.test.api.tests.auth.AuthGoogleOAuthTest","Regression","ua.kpi.sc.test.api.tests.auth.AuthGoogleOAuthTest","googleOAuthCallbackWithSqlInjectionReturnsError"
"","3011","Forgot password 204 body doesn't reveal email existence","Regression Tests","Sun Feb 15 04:16:51 UTC 2026","passed","Sun Feb 15 04:16:54 UTC 2026","ua.kpi.sc.test.api.tests.auth.AuthForgotPasswordTest","Regression","ua.kpi.sc.test.api.tests.auth.AuthForgotPasswordTest","forgotPassword204BodyDoesNotRevealEmailExistence"
"","19","Reset password with whitespace-only token returns 400","Regression Tests","Sun Feb 15 04:17:12 UTC 2026","passed","Sun Feb 15 04:17:12 UTC 2026","ua.kpi.sc.test.api.tests.auth.AuthResetPasswordTest","Regression","ua.kpi.sc.test.api.tests.auth.AuthResetPasswordTest","resetPasswordWithWhitespaceTokenReturns400"
"","852","Register returns the same names in response","Regression Tests","Sun Feb 15 04:17:18 UTC 2026","passed","Sun Feb 15 04:17:19 UTC 2026","ua.kpi.sc.test.api.tests.auth.AuthRegisterTest","Regression","ua.kpi.sc.test.api.tests.auth.AuthRegisterTest","registerReturnsSameNamesInResponse"
"","528","Register response Content-Type is application/json","Regression Tests","Sun Feb 15 04:17:16 UTC 2026","passed","Sun Feb 15 04:17:16 UTC 2026","ua.kpi.sc.test.api.tests.auth.AuthRegisterTest","Regression","ua.kpi.sc.test.api.tests.auth.AuthRegisterTest","registerResponseContentTypeIsJson"
"","87","PATCH /forgot-password returns 405","Regression Tests","Sun Feb 15 04:16:57 UTC 2026","passed","Sun Feb 15 04:16:57 UTC 2026","ua.kpi.sc.test.api.tests.auth.AuthForgotPasswordTest","Regression","ua.kpi.sc.test.api.tests.auth.AuthForgotPasswordTest","forgotPasswordMethodNotAllowedPatch"
"","913","Login cookies have Secure flag (may only be set over HTTPS)","Regression Tests","Sun Feb 15 04:16:55 UTC 2026","passed","Sun Feb 15 04:16:56 UTC 2026","ua.kpi.sc.test.api.tests.auth.AuthCookieContractTest","Regression","ua.kpi.sc.test.api.tests.auth.AuthCookieContractTest","loginCookiesHaveSecureFlag"
"","593","Null fields returns 400","Regression Tests","Sun Feb 15 04:17:33 UTC 2026","passed","Sun Feb 15 04:17:34 UTC 2026","ua.kpi.sc.test.api.tests.user.UserChangePasswordTest","Regression","ua.kpi.sc.test.api.tests.user.UserChangePasswordTest","nullFieldsReturns400"
"","26","Reset password with malformed JSON returns 400","Regression Tests","Sun Feb 15 04:17:10 UTC 2026","passed","Sun Feb 15 04:17:10 UTC 2026","ua.kpi.sc.test.api.tests.auth.AuthResetPasswordTest","Regression","ua.kpi.sc.test.api.tests.auth.AuthResetPasswordTest","resetPasswordWithMalformedJsonReturns400"
"","56","PUT /forgot-password returns 405","Regression Tests","Sun Feb 15 04:16:57 UTC 2026","passed","Sun Feb 15 04:16:57 UTC 2026","ua.kpi.sc.test.api.tests.auth.AuthForgotPasswordTest","Regression","ua.kpi.sc.test.api.tests.auth.AuthForgotPasswordTest","forgotPasswordMethodNotAllowedPut"
"","697","Register password is not returned in response body","Regression Tests","Sun Feb 15 04:17:14 UTC 2026","passed","Sun Feb 15 04:17:15 UTC 2026","ua.kpi.sc.test.api.tests.auth.AuthRegisterTest","Regression","ua.kpi.sc.test.api.tests.auth.AuthRegisterTest","registerPasswordNotReturnedInResponse"
"","823","Login returns a valid UUID as id","Regression Tests","Sun Feb 15 04:17:08 UTC 2026","passed","Sun Feb 15 04:17:09 UTC 2026","ua.kpi.sc.test.api.tests.auth.AuthLoginTest","Regression","ua.kpi.sc.test.api.tests.auth.AuthLoginTest","loginReturnsValidUuid"
"","30","Refresh with no cookie returns 401","Regression Tests","Sun Feb 15 04:17:22 UTC 2026","passed","Sun Feb 15 04:17:22 UTC 2026","ua.kpi.sc.test.api.tests.auth.AuthRefreshTest","Regression","ua.kpi.sc.test.api.tests.auth.AuthRefreshTest","refreshWithNoCookieReturns401"
"","48","PATCH /users/{id} for non-existent user returns 404","Regression Tests","Sun Feb 15 04:17:27 UTC 2026","passed","Sun Feb 15 04:17:27 UTC 2026","ua.kpi.sc.test.api.tests.user.UserUpdateProfileTest","Regression","ua.kpi.sc.test.api.tests.user.UserUpdateProfileTest","updateNonExistentUserReturns404"
"","647","Refresh preserves user id across rotations","Regression Tests","Sun Feb 15 04:17:12 UTC 2026","passed","Sun Feb 15 04:17:12 UTC 2026","ua.kpi.sc.test.api.tests.auth.AuthRefreshTest","Regression","ua.kpi.sc.test.api.tests.auth.AuthRefreshTest","refreshPreservesUserIdAcrossRotations"
"","19","DELETE /oauth2/google returns 405","Regression Tests","Sun Feb 15 04:17:09 UTC 2026","passed","Sun Feb 15 04:17:09 UTC 2026","ua.kpi.sc.test.api.tests.auth.AuthGoogleOAuthTest","Regression","ua.kpi.sc.test.api.tests.auth.AuthGoogleOAuthTest","googleOAuthMethodNotAllowedDelete"
"","452","Register cookies have SameSite=Lax attribute","Regression Tests","Sun Feb 15 04:17:01 UTC 2026","passed","Sun Feb 15 04:17:01 UTC 2026","ua.kpi.sc.test.api.tests.auth.AuthCookieContractTest","Regression","ua.kpi.sc.test.api.tests.auth.AuthCookieContractTest","registerCookiesHaveSameSiteLax"
"","15","GET /refresh returns 405","Regression Tests","Sun Feb 15 04:17:12 UTC 2026","passed","Sun Feb 15 04:17:12 UTC 2026","ua.kpi.sc.test.api.tests.auth.AuthRefreshTest","Regression","ua.kpi.sc.test.api.tests.auth.AuthRefreshTest","refreshMethodNotAllowedGet"
"","747","Forgot password 204 response has empty body (no JSON)","Regression Tests","Sun Feb 15 04:16:57 UTC 2026","passed","Sun Feb 15 04:16:58 UTC 2026","ua.kpi.sc.test.api.tests.auth.AuthForgotPasswordTest","Regression","ua.kpi.sc.test.api.tests.auth.AuthForgotPasswordTest","forgotPasswordResponseHasEmptyBody"
"","505","Login with XML Content-Type returns 415","Regression Tests","Sun Feb 15 04:17:12 UTC 2026","passed","Sun Feb 15 04:17:13 UTC 2026","ua.kpi.sc.test.api.tests.auth.AuthLoginTest","Regression","ua.kpi.sc.test.api.tests.auth.AuthLoginTest","loginWithXmlContentTypeReturns415"
"","51","Forgot password with empty email returns 400","Regression Tests","Sun Feb 15 04:17:00 UTC 2026","passed","Sun Feb 15 04:17:00 UTC 2026","ua.kpi.sc.test.api.tests.auth.AuthForgotPasswordTest","Regression","ua.kpi.sc.test.api.tests.auth.AuthForgotPasswordTest","forgotPasswordWithEmptyEmailReturns400"
"","516","Create user with duplicate email returns 409","Regression Tests","Sun Feb 15 04:17:15 UTC 2026","passed","Sun Feb 15 04:17:16 UTC 2026","ua.kpi.sc.test.api.tests.user.UserCreateTest","Regression","ua.kpi.sc.test.api.tests.user.UserCreateTest","createUserDuplicateEmailReturns409"
"","46","302 response has no JSON body","Regression Tests","Sun Feb 15 04:17:08 UTC 2026","passed","Sun Feb 15 04:17:08 UTC 2026","ua.kpi.sc.test.api.tests.auth.AuthGoogleOAuthTest","Regression","ua.kpi.sc.test.api.tests.auth.AuthGoogleOAuthTest","googleOAuth302HasNoJsonBody"
"","104","PATCH /users/{id}/tier for non-existent user returns 404","Regression Tests","Sun Feb 15 04:17:24 UTC 2026","passed","Sun Feb 15 04:17:24 UTC 2026","ua.kpi.sc.test.api.tests.user.UserUpdateTierTest","Regression","ua.kpi.sc.test.api.tests.user.UserUpdateTierTest","updateTierForNonExistentUserReturns404"
"","514","DELETE /me returns 405","Regression Tests","Sun Feb 15 04:17:08 UTC 2026","passed","Sun Feb 15 04:17:08 UTC 2026","ua.kpi.sc.test.api.tests.auth.AuthMeTest","Regression","ua.kpi.sc.test.api.tests.auth.AuthMeTest","meMethodNotAllowedDelete"
"","722","Multiple refresh rotations preserve user data across 3 rotations","Regression Tests","Sun Feb 15 04:17:03 UTC 2026","passed","Sun Feb 15 04:17:03 UTC 2026","ua.kpi.sc.test.api.tests.auth.AuthFlowTest","Regression","ua.kpi.sc.test.api.tests.auth.AuthFlowTest","multipleRefreshRotationsPreserveUserData"
"","20","Google OAuth redirect sets oauth_state cookie","Regression Tests","Sun Feb 15 04:17:10 UTC 2026","passed","Sun Feb 15 04:17:10 UTC 2026","ua.kpi.sc.test.api.tests.auth.AuthGoogleOAuthTest","Regression","ua.kpi.sc.test.api.tests.auth.AuthGoogleOAuthTest","googleOAuthRedirectSetsStateCookie"
"","429","Delete user without auth returns 401","Regression Tests","Sun Feb 15 04:17:28 UTC 2026","passed","Sun Feb 15 04:17:29 UTC 2026","ua.kpi.sc.test.api.tests.user.UserDeleteTest","Regression","ua.kpi.sc.test.api.tests.user.UserDeleteTest","deleteUserWithoutAuthReturns401"
"","3248","Reset then change-password still works","Regression Tests","Sun Feb 15 04:17:03 UTC 2026","passed","Sun Feb 15 04:17:06 UTC 2026","ua.kpi.sc.test.api.tests.auth.AuthPasswordResetFlowTest","Regression","ua.kpi.sc.test.api.tests.auth.AuthPasswordResetFlowTest","resetThenChangePasswordStillWorks"
"","34","Login 400 matches ProblemDetail schema","Regression Tests","Sun Feb 15 04:16:59 UTC 2026","passed","Sun Feb 15 04:16:59 UTC 2026","ua.kpi.sc.test.api.tests.auth.AuthLoginTest","Regression","ua.kpi.sc.test.api.tests.auth.AuthLoginTest","loginProblemDetailSchemaOn400"
"","104","Search with no match returns empty content","Regression Tests","Sun Feb 15 04:17:25 UTC 2026","passed","Sun Feb 15 04:17:25 UTC 2026","ua.kpi.sc.test.api.tests.user.UserSearchFilterTest","Regression","ua.kpi.sc.test.api.tests.user.UserSearchFilterTest","searchNoMatchReturnsEmpty"
"","31","Login with non-existent email returns 401","Regression Tests","Sun Feb 15 04:16:59 UTC 2026","passed","Sun Feb 15 04:16:59 UTC 2026","ua.kpi.sc.test.api.tests.auth.AuthLoginTest","Regression","ua.kpi.sc.test.api.tests.auth.AuthLoginTest","loginNonExistentEmailReturns401"
"","88","DELETE /login returns 405","Regression Tests","Sun Feb 15 04:16:56 UTC 2026","passed","Sun Feb 15 04:16:56 UTC 2026","ua.kpi.sc.test.api.tests.auth.AuthLoginTest","Regression","ua.kpi.sc.test.api.tests.auth.AuthLoginTest","loginMethodNotAllowedDelete"
"","598","Empty current password returns 400","Regression Tests","Sun Feb 15 04:17:30 UTC 2026","passed","Sun Feb 15 04:17:31 UTC 2026","ua.kpi.sc.test.api.tests.user.UserChangePasswordTest","Regression","ua.kpi.sc.test.api.tests.user.UserChangePasswordTest","emptyCurrentPasswordReturns400"
"","728","Logout with cookie-based auth may or may not be accepted","Regression Tests","Sun Feb 15 04:17:19 UTC 2026","passed","Sun Feb 15 04:17:19 UTC 2026","ua.kpi.sc.test.api.tests.auth.AuthLogoutTest","Regression","ua.kpi.sc.test.api.tests.auth.AuthLogoutTest","logoutWithCookieAuthWorks"
"","25","Google OAuth redirect Location contains accounts.google.com","Regression Tests","Sun Feb 15 04:17:09 UTC 2026","passed","Sun Feb 15 04:17:09 UTC 2026","ua.kpi.sc.test.api.tests.auth.AuthGoogleOAuthTest","Regression","ua.kpi.sc.test.api.tests.auth.AuthGoogleOAuthTest","googleOAuthRedirectLocationContainsGoogleAccounts"
"","46","Register with short password returns 400","Regression Tests","Sun Feb 15 04:17:26 UTC 2026","passed","Sun Feb 15 04:17:26 UTC 2026","ua.kpi.sc.test.api.tests.auth.AuthRegisterTest","Regression","ua.kpi.sc.test.api.tests.auth.AuthRegisterTest","registerWithShortPasswordReturns400"
"","607","PATCH /users/{id} with only firstName still updates successfully","Regression Tests","Sun Feb 15 04:17:27 UTC 2026","passed","Sun Feb 15 04:17:27 UTC 2026","ua.kpi.sc.test.api.tests.user.UserUpdateProfileTest","Regression","ua.kpi.sc.test.api.tests.user.UserUpdateProfileTest","updateOnlyFirstName"
"","109","Login with empty fields returns 400","Regression Tests","Sun Feb 15 04:16:56 UTC 2026","passed","Sun Feb 15 04:16:56 UTC 2026","ua.kpi.sc.test.api.tests.auth.AuthLoginTest","Regression","ua.kpi.sc.test.api.tests.auth.AuthLoginTest","loginEmptyFieldsReturns400"
"","624","Removed partner is gone from user response","Regression Tests","Sun Feb 15 04:17:28 UTC 2026","passed","Sun Feb 15 04:17:28 UTC 2026","ua.kpi.sc.test.api.tests.user.UserRemovePartnerTest","Regression","ua.kpi.sc.test.api.tests.user.UserRemovePartnerTest","removedPartnerGoneFromUser"
"","652","Response timing is similar for existing vs non-existing email","Regression Tests","Sun Feb 15 04:17:00 UTC 2026","passed","Sun Feb 15 04:17:00 UTC 2026","ua.kpi.sc.test.api.tests.auth.AuthForgotPasswordTest","Regression","ua.kpi.sc.test.api.tests.auth.AuthForgotPasswordTest","forgotPasswordTimingSimilarForExistingVsNonExisting"
"","21","Register with form-encoded content type returns 415","Regression Tests","Sun Feb 15 04:17:25 UTC 2026","passed","Sun Feb 15 04:17:25 UTC 2026","ua.kpi.sc.test.api.tests.auth.AuthRegisterTest","Regression","ua.kpi.sc.test.api.tests.auth.AuthRegisterTest","registerWithFormEncodedReturns415"
"","56","GET /me 401 matches ProblemDetail schema","Regression Tests","Sun Feb 15 04:17:10 UTC 2026","passed","Sun Feb 15 04:17:10 UTC 2026","ua.kpi.sc.test.api.tests.auth.AuthMeTest","Regression","ua.kpi.sc.test.api.tests.auth.AuthMeTest","meProblemDetailSchemaOn401"
"","572","GET /me returns capabilityTier 1 for newly registered user","Regression Tests","Sun Feb 15 04:17:12 UTC 2026","passed","Sun Feb 15 04:17:13 UTC 2026","ua.kpi.sc.test.api.tests.auth.AuthMeTest","Regression","ua.kpi.sc.test.api.tests.auth.AuthMeTest","meReturnsCapabilityTier1ForNewUser"
"","1064","Refresh token cannot be reused after rotation","Regression Tests","Sun Feb 15 04:17:19 UTC 2026","passed","Sun Feb 15 04:17:20 UTC 2026","ua.kpi.sc.test.api.tests.auth.AuthRefreshTest","Regression","ua.kpi.sc.test.api.tests.auth.AuthRefreshTest","refreshTokenCannotBeReusedAfterRotation"
"","1408","Login returns different access tokens each time","Regression Tests","Sun Feb 15 04:17:04 UTC 2026","passed","Sun Feb 15 04:17:06 UTC 2026","ua.kpi.sc.test.api.tests.auth.AuthLoginTest","Regression","ua.kpi.sc.test.api.tests.auth.AuthLoginTest","loginReturnsDifferentTokensEachTime"
"","22","Login with whitespace-only email returns 400","Regression Tests","Sun Feb 15 04:17:12 UTC 2026","passed","Sun Feb 15 04:17:12 UTC 2026","ua.kpi.sc.test.api.tests.auth.AuthLoginTest","Regression","ua.kpi.sc.test.api.tests.auth.AuthLoginTest","loginWithWhitespaceEmailReturns400"
"","2092","No email sent for OAuth-only account","Regression Tests","Sun Feb 15 04:17:01 UTC 2026","passed","Sun Feb 15 04:17:03 UTC 2026","ua.kpi.sc.test.api.tests.auth.AuthForgotPasswordTest","Regression","ua.kpi.sc.test.api.tests.auth.AuthForgotPasswordTest","noEmailSentForOAuthOnlyAccount"
"","601","PUT /me/password returns 405","Regression Tests","Sun Feb 15 04:17:34 UTC 2026","passed","Sun Feb 15 04:17:34 UTC 2026","ua.kpi.sc.test.api.tests.user.UserChangePasswordTest","Regression","ua.kpi.sc.test.api.tests.user.UserChangePasswordTest","putMethodNotAllowed"
"","680","GET /me response does not contain password field","Regression Tests","Sun Feb 15 04:17:07 UTC 2026","passed","Sun Feb 15 04:17:07 UTC 2026","ua.kpi.sc.test.api.tests.auth.AuthMeTest","Regression","ua.kpi.sc.test.api.tests.auth.AuthMeTest","meDoesNotReturnPasswordField"
"","781","Search users by name returns results","Regression Tests","Sun Feb 15 04:17:25 UTC 2026","passed","Sun Feb 15 04:17:26 UTC 2026","ua.kpi.sc.test.api.tests.user.UserSearchFilterTest","Regression","ua.kpi.sc.test.api.tests.user.UserSearchFilterTest","searchUsersByNameReturnsResults"
"","43","GET /me with malformed Bearer token returns 401","Regression Tests","Sun Feb 15 04:17:18 UTC 2026","passed","Sun Feb 15 04:17:18 UTC 2026","ua.kpi.sc.test.api.tests.auth.AuthMeTest","Regression","ua.kpi.sc.test.api.tests.auth.AuthMeTest","meWithMalformedBearerTokenReturns401"
"","600","Short new password returns 400","Regression Tests","Sun Feb 15 04:17:34 UTC 2026","passed","Sun Feb 15 04:17:35 UTC 2026","ua.kpi.sc.test.api.tests.user.UserChangePasswordTest","Regression","ua.kpi.sc.test.api.tests.user.UserChangePasswordTest","shortNewPasswordReturns400"
"","554","Register sets HttpOnly cookies","Regression Tests","Sun Feb 15 04:17:20 UTC 2026","passed","Sun Feb 15 04:17:20 UTC 2026","ua.kpi.sc.test.api.tests.auth.AuthRegisterTest","Regression","ua.kpi.sc.test.api.tests.auth.AuthRegisterTest","registerSetsHttpOnlyCookies"
"","932","Refresh with access token used as refresh cookie returns 401","Regression Tests","Sun Feb 15 04:17:21 UTC 2026","passed","Sun Feb 15 04:17:22 UTC 2026","ua.kpi.sc.test.api.tests.auth.AuthRefreshTest","Regression","ua.kpi.sc.test.api.tests.auth.AuthRefreshTest","refreshWithAccessTokenAsCookieReturns401"
"","752","List users contains registered user","Regression Tests","Sun Feb 15 04:17:26 UTC 2026","passed","Sun Feb 15 04:17:27 UTC 2026","ua.kpi.sc.test.api.tests.user.UserTest","Regression","ua.kpi.sc.test.api.tests.user.UserTest","listUsersContainsRegisteredUser"
"","801","PATCH /users/{id}/tier accepts each tier level 0-5","Regression Tests","Sun Feb 15 04:17:24 UTC 2026","passed","Sun Feb 15 04:17:25 UTC 2026","ua.kpi.sc.test.api.tests.user.UserUpdateTierTest","Regression","ua.kpi.sc.test.api.tests.user.UserUpdateTierTest","updateTierToEachLevel"
"","13","Reset password with too-long password (73 chars) returns 400","Regression Tests","Sun Feb 15 04:17:11 UTC 2026","passed","Sun Feb 15 04:17:11 UTC 2026","ua.kpi.sc.test.api.tests.auth.AuthResetPasswordTest","Regression","ua.kpi.sc.test.api.tests.auth.AuthResetPasswordTest","resetPasswordWithTooLongPasswordReturns400"
"","3387","Login cookies have Path=/","Regression Tests","Sun Feb 15 04:16:51 UTC 2026","passed","Sun Feb 15 04:16:54 UTC 2026","ua.kpi.sc.test.api.tests.auth.AuthCookieContractTest","Regression","ua.kpi.sc.test.api.tests.auth.AuthCookieContractTest","loginCookiesHavePathSlash"
"","429","Register cookies have Path=/","Regression Tests","Sun Feb 15 04:17:00 UTC 2026","passed","Sun Feb 15 04:17:00 UTC 2026","ua.kpi.sc.test.api.tests.auth.AuthCookieContractTest","Regression","ua.kpi.sc.test.api.tests.auth.AuthCookieContractTest","registerCookiesHavePathSlash"
"","60","Register validation errors contain field and message","Regression Tests","Sun Feb 15 04:17:20 UTC 2026","passed","Sun Feb 15 04:17:20 UTC 2026","ua.kpi.sc.test.api.tests.auth.AuthRegisterTest","Regression","ua.kpi.sc.test.api.tests.auth.AuthRegisterTest","registerValidationErrorsFormat"
"","518","Refresh then getMe with new access token returns 200 and correct email","Regression Tests","Sun Feb 15 04:17:05 UTC 2026","passed","Sun Feb 15 04:17:05 UTC 2026","ua.kpi.sc.test.api.tests.auth.AuthFlowTest","Regression","ua.kpi.sc.test.api.tests.auth.AuthFlowTest","refreshThenGetMeWithNewAccessToken"
"","100","GET /login returns 405 with ProblemDetail schema","Regression Tests","Sun Feb 15 04:16:56 UTC 2026","passed","Sun Feb 15 04:16:56 UTC 2026","ua.kpi.sc.test.api.tests.auth.AuthLoginTest","Regression","ua.kpi.sc.test.api.tests.auth.AuthLoginTest","login405MatchesProblemDetailSchema"
"","62","Google OAuth callback with empty state returns error","Regression Tests","Sun Feb 15 04:17:09 UTC 2026","passed","Sun Feb 15 04:17:09 UTC 2026","ua.kpi.sc.test.api.tests.auth.AuthGoogleOAuthTest","Regression","ua.kpi.sc.test.api.tests.auth.AuthGoogleOAuthTest","googleOAuthCallbackWithEmptyStateReturnsError"
"","69","Register with empty email returns 400","Regression Tests","Sun Feb 15 04:17:24 UTC 2026","passed","Sun Feb 15 04:17:24 UTC 2026","ua.kpi.sc.test.api.tests.auth.AuthRegisterTest","Regression","ua.kpi.sc.test.api.tests.auth.AuthRegisterTest","registerWithEmptyEmailReturns400"
"","72","Logout 401 matches ProblemDetail schema","Regression Tests","Sun Feb 15 04:17:18 UTC 2026","passed","Sun Feb 15 04:17:18 UTC 2026","ua.kpi.sc.test.api.tests.auth.AuthLogoutTest","Regression","ua.kpi.sc.test.api.tests.auth.AuthLogoutTest","logoutProblemDetailSchemaOn401"
"","113","PUT /login returns 405","Regression Tests","Sun Feb 15 04:16:57 UTC 2026","passed","Sun Feb 15 04:16:57 UTC 2026","ua.kpi.sc.test.api.tests.auth.AuthLoginTest","Regression","ua.kpi.sc.test.api.tests.auth.AuthLoginTest","loginMethodNotAllowedPut"
"","19","Google OAuth redirect returns 302","Regression Tests","Sun Feb 15 04:17:10 UTC 2026","passed","Sun Feb 15 04:17:10 UTC 2026","ua.kpi.sc.test.api.tests.auth.AuthGoogleOAuthTest","Regression","ua.kpi.sc.test.api.tests.auth.AuthGoogleOAuthTest","googleOAuthRedirectReturns302"
"","1166","Reset password with reused token returns 400","Regression Tests","Sun Feb 15 04:17:10 UTC 2026","passed","Sun Feb 15 04:17:11 UTC 2026","ua.kpi.sc.test.api.tests.auth.AuthResetPasswordTest","Regression","ua.kpi.sc.test.api.tests.auth.AuthResetPasswordTest","resetPasswordWithReusedTokenReturns400"
"","22","Reset password with empty body returns 400","Regression Tests","Sun Feb 15 04:17:10 UTC 2026","passed","Sun Feb 15 04:17:10 UTC 2026","ua.kpi.sc.test.api.tests.auth.AuthResetPasswordTest","Regression","ua.kpi.sc.test.api.tests.auth.AuthResetPasswordTest","resetPasswordWithEmptyBodyReturns400"
"","27","PUT /oauth2/google returns 405","Regression Tests","Sun Feb 15 04:17:09 UTC 2026","passed","Sun Feb 15 04:17:09 UTC 2026","ua.kpi.sc.test.api.tests.auth.AuthGoogleOAuthTest","Regression","ua.kpi.sc.test.api.tests.auth.AuthGoogleOAuthTest","googleOAuthMethodNotAllowedPut"
"","23","Login with empty body returns 400","Regression Tests","Sun Feb 15 04:17:10 UTC 2026","passed","Sun Feb 15 04:17:10 UTC 2026","ua.kpi.sc.test.api.tests.auth.AuthLoginTest","Regression","ua.kpi.sc.test.api.tests.auth.AuthLoginTest","loginWithEmptyBodyReturns400"
"","590","PATCH /me returns 405","Regression Tests","Sun Feb 15 04:17:08 UTC 2026","passed","Sun Feb 15 04:17:09 UTC 2026","ua.kpi.sc.test.api.tests.auth.AuthMeTest","Regression","ua.kpi.sc.test.api.tests.auth.AuthMeTest","meMethodNotAllowedPatch"
"","24","Register with password exactly 7 chars returns 400","Regression Tests","Sun Feb 15 04:17:26 UTC 2026","passed","Sun Feb 15 04:17:26 UTC 2026","ua.kpi.sc.test.api.tests.auth.AuthRegisterTest","Regression","ua.kpi.sc.test.api.tests.auth.AuthRegisterTest","registerWithPasswordExactly7CharsReturns400"
"","767","Register 409 matches ProblemDetail schema","Regression Tests","Sun Feb 15 04:17:15 UTC 2026","passed","Sun Feb 15 04:17:16 UTC 2026","ua.kpi.sc.test.api.tests.auth.AuthRegisterTest","Regression","ua.kpi.sc.test.api.tests.auth.AuthRegisterTest","registerProblemDetailSchemaOn409"
"","906","Forgot password email contains reset link with token","Regression Tests","Sun Feb 15 04:16:56 UTC 2026","passed","Sun Feb 15 04:16:57 UTC 2026","ua.kpi.sc.test.api.tests.auth.AuthForgotPasswordTest","Regression","ua.kpi.sc.test.api.tests.auth.AuthForgotPasswordTest","forgotPasswordEmailContainsResetToken"
"","422","Deleted user is deactivated","Regression Tests","Sun Feb 15 04:17:29 UTC 2026","passed","Sun Feb 15 04:17:29 UTC 2026","ua.kpi.sc.test.api.tests.user.UserDeleteTest","Regression","ua.kpi.sc.test.api.tests.user.UserDeleteTest","deletedUserIsDeactivated"
"","908","POST /me 405 matches ProblemDetail schema","Regression Tests","Sun Feb 15 04:17:06 UTC 2026","passed","Sun Feb 15 04:17:07 UTC 2026","ua.kpi.sc.test.api.tests.auth.AuthMeTest","Regression","ua.kpi.sc.test.api.tests.auth.AuthMeTest","me405MatchesProblemDetailSchema"
"","21","Register with SQL injection in email is rejected","Regression Tests","Sun Feb 15 04:17:27 UTC 2026","passed","Sun Feb 15 04:17:27 UTC 2026","ua.kpi.sc.test.api.tests.auth.AuthRegisterTest","Regression","ua.kpi.sc.test.api.tests.auth.AuthRegisterTest","registerWithSqlInjectionInEmail"
"","40","Refresh with expired/garbage JWT returns 401","Regression Tests","Sun Feb 15 04:17:22 UTC 2026","passed","Sun Feb 15 04:17:22 UTC 2026","ua.kpi.sc.test.api.tests.auth.AuthRefreshTest","Regression","ua.kpi.sc.test.api.tests.auth.AuthRefreshTest","refreshWithExpiredRefreshTokenReturns401"
"","42","Forgot password with invalid email format returns 400","Regression Tests","Sun Feb 15 04:17:00 UTC 2026","passed","Sun Feb 15 04:17:00 UTC 2026","ua.kpi.sc.test.api.tests.auth.AuthForgotPasswordTest","Regression","ua.kpi.sc.test.api.tests.auth.AuthForgotPasswordTest","forgotPasswordWithInvalidEmailReturns400"
"","531","PUT /users/{id} returns 405 Method Not Allowed","Regression Tests","Sun Feb 15 04:17:26 UTC 2026","passed","Sun Feb 15 04:17:27 UTC 2026","ua.kpi.sc.test.api.tests.user.UserUpdateProfileTest","Regression","ua.kpi.sc.test.api.tests.user.UserUpdateProfileTest","putUserReturns405"
"","3025","Concurrent forgot-password requests all return 204","Regression Tests","Sun Feb 15 04:16:51 UTC 2026","passed","Sun Feb 15 04:16:54 UTC 2026","ua.kpi.sc.test.api.tests.auth.AuthPasswordResetFlowTest","Regression","ua.kpi.sc.test.api.tests.auth.AuthPasswordResetFlowTest","concurrentForgotPasswordRequestsAllReturn204"
"","878","GET /me returns a valid UUID as id","Regression Tests","Sun Feb 15 04:17:17 UTC 2026","passed","Sun Feb 15 04:17:18 UTC 2026","ua.kpi.sc.test.api.tests.auth.AuthMeTest","Regression","ua.kpi.sc.test.api.tests.auth.AuthMeTest","meReturnsValidUuid"
"","129","Error redirect points to frontend URL","Regression Tests","Sun Feb 15 04:17:09 UTC 2026","passed","Sun Feb 15 04:17:09 UTC 2026","ua.kpi.sc.test.api.tests.auth.AuthGoogleOAuthTest","Regression","ua.kpi.sc.test.api.tests.auth.AuthGoogleOAuthTest","googleOAuthErrorRedirectPointsToFrontend"
"","901","Logout clears token cookies with Max-Age=0","Regression Tests","Sun Feb 15 04:17:13 UTC 2026","passed","Sun Feb 15 04:17:14 UTC 2026","ua.kpi.sc.test.api.tests.auth.AuthLogoutTest","Regression","ua.kpi.sc.test.api.tests.auth.AuthLogoutTest","logoutClearsTokenCookies"
"","1088","Login returns capabilityTier that is not null and >= 0","Regression Tests","Sun Feb 15 04:17:03 UTC 2026","passed","Sun Feb 15 04:17:04 UTC 2026","ua.kpi.sc.test.api.tests.auth.AuthLoginTest","Regression","ua.kpi.sc.test.api.tests.auth.AuthLoginTest","loginReturnsCapabilityTier"
"","509","GET /me returns correct data matching registration request","Regression Tests","Sun Feb 15 04:17:13 UTC 2026","passed","Sun Feb 15 04:17:13 UTC 2026","ua.kpi.sc.test.api.tests.auth.AuthMeTest","Regression","ua.kpi.sc.test.api.tests.auth.AuthMeTest","meReturnsCorrectRegisteredData"
"","660","Register returns a valid UUID as id","Regression Tests","Sun Feb 15 04:17:19 UTC 2026","passed","Sun Feb 15 04:17:20 UTC 2026","ua.kpi.sc.test.api.tests.auth.AuthRegisterTest","Regression","ua.kpi.sc.test.api.tests.auth.AuthRegisterTest","registerReturnsValidUuid"
"","525","Refresh cookies have Secure flag (may only be set over HTTPS)","Regression Tests","Sun Feb 15 04:16:59 UTC 2026","passed","Sun Feb 15 04:17:00 UTC 2026","ua.kpi.sc.test.api.tests.auth.AuthCookieContractTest","Regression","ua.kpi.sc.test.api.tests.auth.AuthCookieContractTest","refreshCookiesHaveSecureFlag"
"","631","Search by email substring returns results","Regression Tests","Sun Feb 15 04:17:25 UTC 2026","passed","Sun Feb 15 04:17:25 UTC 2026","ua.kpi.sc.test.api.tests.user.UserSearchFilterTest","Regression","ua.kpi.sc.test.api.tests.user.UserSearchFilterTest","searchByEmailSubstring"
"","623","PATCH /logout returns 405","Regression Tests","Sun Feb 15 04:17:17 UTC 2026","passed","Sun Feb 15 04:17:17 UTC 2026","ua.kpi.sc.test.api.tests.auth.AuthLogoutTest","Regression","ua.kpi.sc.test.api.tests.auth.AuthLogoutTest","logoutMethodNotAllowedPatch"
"","566","Register with password exactly 8 chars succeeds","Regression Tests","Sun Feb 15 04:17:26 UTC 2026","passed","Sun Feb 15 04:17:26 UTC 2026","ua.kpi.sc.test.api.tests.auth.AuthRegisterTest","Regression","ua.kpi.sc.test.api.tests.auth.AuthRegisterTest","registerWithPasswordExactly8Chars"
"","656","PATCH /users/{id}/tier with invalid tier returns 400","Regression Tests","Sun Feb 15 04:17:25 UTC 2026","passed","Sun Feb 15 04:17:26 UTC 2026","ua.kpi.sc.test.api.tests.user.UserUpdateTierTest","Regression","ua.kpi.sc.test.api.tests.user.UserUpdateTierTest","updateTierWithInvalidValueReturns400"
"","648","PUT /users/{id}/tier returns 405 Method Not Allowed","Regression Tests","Sun Feb 15 04:17:23 UTC 2026","passed","Sun Feb 15 04:17:24 UTC 2026","ua.kpi.sc.test.api.tests.user.UserUpdateTierTest","Regression","ua.kpi.sc.test.api.tests.user.UserUpdateTierTest","putTierReturns405"
"","1044","Refresh returns capabilityTier >= 0","Regression Tests","Sun Feb 15 04:17:14 UTC 2026","passed","Sun Feb 15 04:17:15 UTC 2026","ua.kpi.sc.test.api.tests.auth.AuthRefreshTest","Regression","ua.kpi.sc.test.api.tests.auth.AuthRefreshTest","refreshReturnsCapabilityTier"
"","760","Double refresh with new token succeeds","Regression Tests","Sun Feb 15 04:17:10 UTC 2026","passed","Sun Feb 15 04:17:10 UTC 2026","ua.kpi.sc.test.api.tests.auth.AuthRefreshTest","Regression","ua.kpi.sc.test.api.tests.auth.AuthRefreshTest","doubleRefreshWithNewTokenSucceeds"
"","1112","Refresh tokens are user-specific and return correct user data","Regression Tests","Sun Feb 15 04:17:11 UTC 2026","passed","Sun Feb 15 04:17:12 UTC 2026","ua.kpi.sc.test.api.tests.auth.AuthRefreshTest","Regression","ua.kpi.sc.test.api.tests.auth.AuthRefreshTest","refreshFromDifferentUserTokenFails"
"","52","GET /reset-password returns 405","Regression Tests","Sun Feb 15 04:17:06 UTC 2026","passed","Sun Feb 15 04:17:06 UTC 2026","ua.kpi.sc.test.api.tests.auth.AuthResetPasswordTest","Regression","ua.kpi.sc.test.api.tests.auth.AuthResetPasswordTest","resetPasswordMethodNotAllowedGet"
"","552","Register with spaced name succeeds","Regression Tests","Sun Feb 15 04:17:26 UTC 2026","passed","Sun Feb 15 04:17:27 UTC 2026","ua.kpi.sc.test.api.tests.auth.AuthRegisterTest","Regression","ua.kpi.sc.test.api.tests.auth.AuthRegisterTest","registerWithSpacedNameSucceeds"
"","546","GET /me response matches auth-user-response schema","Regression Tests","Sun Feb 15 04:17:11 UTC 2026","passed","Sun Feb 15 04:17:12 UTC 2026","ua.kpi.sc.test.api.tests.auth.AuthMeTest","Regression","ua.kpi.sc.test.api.tests.auth.AuthMeTest","meResponseMatchesSchema"
"","2308","Assign partner with each level succeeds","Regression Tests","Sun Feb 15 04:17:23 UTC 2026","passed","Sun Feb 15 04:17:25 UTC 2026","ua.kpi.sc.test.api.tests.user.UserAssignPartnerTest","Regression","ua.kpi.sc.test.api.tests.user.UserAssignPartnerTest","assignPartnerEachLevel"
"","22","Register with null body returns 400","Regression Tests","Sun Feb 15 04:17:25 UTC 2026","passed","Sun Feb 15 04:17:25 UTC 2026","ua.kpi.sc.test.api.tests.auth.AuthRegisterTest","Regression","ua.kpi.sc.test.api.tests.auth.AuthRegisterTest","registerWithNullBodyReturns400"
"","37","Register with empty firstName returns 400","Regression Tests","Sun Feb 15 04:17:24 UTC 2026","passed","Sun Feb 15 04:17:24 UTC 2026","ua.kpi.sc.test.api.tests.auth.AuthRegisterTest","Regression","ua.kpi.sc.test.api.tests.auth.AuthRegisterTest","registerWithEmptyFirstNameReturns400"
"","455","Register with hyphenated name succeeds","Regression Tests","Sun Feb 15 04:17:25 UTC 2026","passed","Sun Feb 15 04:17:25 UTC 2026","ua.kpi.sc.test.api.tests.auth.AuthRegisterTest","Regression","ua.kpi.sc.test.api.tests.auth.AuthRegisterTest","registerWithHyphenatedNameSucceeds"
"","596","GET /logout 405 matches ProblemDetail schema","Regression Tests","Sun Feb 15 04:17:10 UTC 2026","passed","Sun Feb 15 04:17:11 UTC 2026","ua.kpi.sc.test.api.tests.auth.AuthLogoutTest","Regression","ua.kpi.sc.test.api.tests.auth.AuthLogoutTest","logout405MatchesProblemDetailSchema"
"","555","Delete user returns 204","Regression Tests","Sun Feb 15 04:17:28 UTC 2026","passed","Sun Feb 15 04:17:28 UTC 2026","ua.kpi.sc.test.api.tests.user.UserDeleteTest","Regression","ua.kpi.sc.test.api.tests.user.UserDeleteTest","deleteUserReturns204"
"","21","Reset password with null token returns 400","Regression Tests","Sun Feb 15 04:17:10 UTC 2026","passed","Sun Feb 15 04:17:10 UTC 2026","ua.kpi.sc.test.api.tests.auth.AuthResetPasswordTest","Regression","ua.kpi.sc.test.api.tests.auth.AuthResetPasswordTest","resetPasswordWithNullTokenReturns400"
"","409","PATCH /users/{id} with empty body returns 400","Regression Tests","Sun Feb 15 04:17:29 UTC 2026","passed","Sun Feb 15 04:17:29 UTC 2026","ua.kpi.sc.test.api.tests.user.UserUpdateProfileTest","Regression","ua.kpi.sc.test.api.tests.user.UserUpdateProfileTest","updateWithEmptyBodyReturns400"
"","1305","Register -> login -> refresh -> logout -> refresh with old token returns 401","Regression Tests","Sun Feb 15 04:16:56 UTC 2026","passed","Sun Feb 15 04:16:58 UTC 2026","ua.kpi.sc.test.api.tests.auth.AuthFlowTest","Regression","ua.kpi.sc.test.api.tests.auth.AuthFlowTest","fullLoginRefreshLogoutFlow"
"","704","Register cookies have positive Max-Age","Regression Tests","Sun Feb 15 04:17:00 UTC 2026","passed","Sun Feb 15 04:17:01 UTC 2026","ua.kpi.sc.test.api.tests.auth.AuthCookieContractTest","Regression","ua.kpi.sc.test.api.tests.auth.AuthCookieContractTest","registerCookiesHavePositiveMaxAge"
"","682","PATCH /users/{id} preserves email, tier, and active status","Regression Tests","Sun Feb 15 04:17:27 UTC 2026","passed","Sun Feb 15 04:17:28 UTC 2026","ua.kpi.sc.test.api.tests.user.UserUpdateProfileTest","Regression","ua.kpi.sc.test.api.tests.user.UserUpdateProfileTest","updateUserPreservesOtherFields"
"","622","PATCH /users/{id} with valid data returns 200 with updated fields","Regression Tests","Sun Feb 15 04:17:28 UTC 2026","passed","Sun Feb 15 04:17:29 UTC 2026","ua.kpi.sc.test.api.tests.user.UserUpdateProfileTest","Regression","ua.kpi.sc.test.api.tests.user.UserUpdateProfileTest","updateUserWithValidData"
"","41","Forgot password with SQL injection in email is rejected with 400","Regression Tests","Sun Feb 15 04:17:00 UTC 2026","passed","Sun Feb 15 04:17:01 UTC 2026","ua.kpi.sc.test.api.tests.auth.AuthForgotPasswordTest","Regression","ua.kpi.sc.test.api.tests.auth.AuthForgotPasswordTest","forgotPasswordWithSqlInjectionReturns400"
"","1301","Register -> login -> getMe: email matches after login","Regression Tests","Sun Feb 15 04:16:58 UTC 2026","passed","Sun Feb 15 04:16:59 UTC 2026","ua.kpi.sc.test.api.tests.auth.AuthFlowTest","Regression","ua.kpi.sc.test.api.tests.auth.AuthFlowTest","fullLoginToMeFlow"
"","998","Reset password with 72-char password succeeds","Regression Tests","Sun Feb 15 04:17:08 UTC 2026","passed","Sun Feb 15 04:17:09 UTC 2026","ua.kpi.sc.test.api.tests.auth.AuthResetPasswordTest","Regression","ua.kpi.sc.test.api.tests.auth.AuthResetPasswordTest","resetPasswordWith72CharPasswordSucceeds"
"","2074","Forgot password 400 matches ProblemDetail schema","Regression Tests","Sun Feb 15 04:16:54 UTC 2026","passed","Sun Feb 15 04:16:56 UTC 2026","ua.kpi.sc.test.api.tests.auth.AuthForgotPasswordTest","Regression","ua.kpi.sc.test.api.tests.auth.AuthForgotPasswordTest","forgotPassword400MatchesProblemDetailSchema"
"","107","GET /users/me returns current user profile","Regression Tests","Sun Feb 15 04:17:23 UTC 2026","passed","Sun Feb 15 04:17:23 UTC 2026","ua.kpi.sc.test.api.tests.user.UserSelfUpdateTest","Regression","ua.kpi.sc.test.api.tests.user.UserSelfUpdateTest","getMeReturns200"
"","1677","Login with new password works after reset","Regression Tests","Sun Feb 15 04:17:02 UTC 2026","passed","Sun Feb 15 04:17:03 UTC 2026","ua.kpi.sc.test.api.tests.auth.AuthResetPasswordTest","Regression","ua.kpi.sc.test.api.tests.auth.AuthResetPasswordTest","loginWithNewPasswordWorksAfterReset"
"","28","GET /register returns 405","Regression Tests","Sun Feb 15 04:17:13 UTC 2026","passed","Sun Feb 15 04:17:13 UTC 2026","ua.kpi.sc.test.api.tests.auth.AuthRegisterTest","Regression","ua.kpi.sc.test.api.tests.auth.AuthRegisterTest","registerMethodNotAllowedGet"
"","24","Reset password with empty token returns 400","Regression Tests","Sun Feb 15 04:17:10 UTC 2026","passed","Sun Feb 15 04:17:10 UTC 2026","ua.kpi.sc.test.api.tests.auth.AuthResetPasswordTest","Regression","ua.kpi.sc.test.api.tests.auth.AuthResetPasswordTest","resetPasswordWithEmptyTokenReturns400"
"","700","Forgot password sends email to MailPit for registered user","Regression Tests","Sun Feb 15 04:16:59 UTC 2026","passed","Sun Feb 15 04:17:00 UTC 2026","ua.kpi.sc.test.api.tests.auth.AuthForgotPasswordTest","Regression","ua.kpi.sc.test.api.tests.auth.AuthForgotPasswordTest","forgotPasswordSendsEmailToMailpit"
"","508","Assigned partner appears in user response","Regression Tests","Sun Feb 15 04:17:26 UTC 2026","passed","Sun Feb 15 04:17:27 UTC 2026","ua.kpi.sc.test.api.tests.user.UserAssignPartnerTest","Regression","ua.kpi.sc.test.api.tests.user.UserAssignPartnerTest","assignedPartnerAppearsInUserResponse"
"","47","Update self with blank name returns 400","Regression Tests","Sun Feb 15 04:17:23 UTC 2026","passed","Sun Feb 15 04:17:23 UTC 2026","ua.kpi.sc.test.api.tests.user.UserSelfUpdateTest","Regression","ua.kpi.sc.test.api.tests.user.UserSelfUpdateTest","updateSelfBlankNameReturns400"
"","21","Refresh with malformed JWT token returns 401","Regression Tests","Sun Feb 15 04:17:22 UTC 2026","passed","Sun Feb 15 04:17:22 UTC 2026","ua.kpi.sc.test.api.tests.auth.AuthRefreshTest","Regression","ua.kpi.sc.test.api.tests.auth.AuthRefreshTest","refreshWithMalformedTokenReturns401"
"","1451","Old password fails after reset","Regression Tests","Sun Feb 15 04:17:03 UTC 2026","passed","Sun Feb 15 04:17:05 UTC 2026","ua.kpi.sc.test.api.tests.auth.AuthResetPasswordTest","Regression","ua.kpi.sc.test.api.tests.auth.AuthResetPasswordTest","oldPasswordFailsAfterReset"
"","3336","Can login with new password after change","Regression Tests","Sun Feb 15 04:17:20 UTC 2026","passed","Sun Feb 15 04:17:23 UTC 2026","ua.kpi.sc.test.api.tests.user.UserChangePasswordTest","Regression","ua.kpi.sc.test.api.tests.user.UserChangePasswordTest","canLoginWithNewPassword"
"","72","Login with SQL injection in email is rejected with 400 or 401","Regression Tests","Sun Feb 15 04:17:11 UTC 2026","passed","Sun Feb 15 04:17:11 UTC 2026","ua.kpi.sc.test.api.tests.auth.AuthLoginTest","Regression","ua.kpi.sc.test.api.tests.auth.AuthLoginTest","loginWithSqlInjectionInEmailReturns401Or400"
"","622","GET /me with tampered JWT signature returns 401","Regression Tests","Sun Feb 15 04:17:19 UTC 2026","passed","Sun Feb 15 04:17:20 UTC 2026","ua.kpi.sc.test.api.tests.auth.AuthMeTest","Regression","ua.kpi.sc.test.api.tests.auth.AuthMeTest","meWithTamperedJwtSignatureReturns401"
"","622","Register new user has capabilityTier exactly 1","Regression Tests","Sun Feb 15 04:17:14 UTC 2026","passed","Sun Feb 15 04:17:14 UTC 2026","ua.kpi.sc.test.api.tests.auth.AuthRegisterTest","Regression","ua.kpi.sc.test.api.tests.auth.AuthRegisterTest","registerNewUserCapabilityTierIs1"
"","748","Combined search and filter returns results","Regression Tests","Sun Feb 15 04:17:23 UTC 2026","passed","Sun Feb 15 04:17:23 UTC 2026","ua.kpi.sc.test.api.tests.user.UserSearchFilterTest","Regression","ua.kpi.sc.test.api.tests.user.UserSearchFilterTest","combinedSearchAndFilter"
"","562","Register cookies have Secure flag (may only be set over HTTPS)","Regression Tests","Sun Feb 15 04:17:01 UTC 2026","passed","Sun Feb 15 04:17:02 UTC 2026","ua.kpi.sc.test.api.tests.auth.AuthCookieContractTest","Regression","ua.kpi.sc.test.api.tests.auth.AuthCookieContractTest","registerCookiesHaveSecureFlag"
"","37","Forgot password with empty JSON object returns 400","Regression Tests","Sun Feb 15 04:17:00 UTC 2026","passed","Sun Feb 15 04:17:00 UTC 2026","ua.kpi.sc.test.api.tests.auth.AuthForgotPasswordTest","Regression","ua.kpi.sc.test.api.tests.auth.AuthForgotPasswordTest","forgotPasswordWithEmptyJsonObjectReturns400"
"","1602","GET /me returns same data as login response","Regression Tests","Sun Feb 15 04:17:14 UTC 2026","passed","Sun Feb 15 04:17:16 UTC 2026","ua.kpi.sc.test.api.tests.auth.AuthMeTest","Regression","ua.kpi.sc.test.api.tests.auth.AuthMeTest","meReturnsSameDataAsLogin"
"","1277","Login response Content-Type is application/json","Regression Tests","Sun Feb 15 04:16:59 UTC 2026","passed","Sun Feb 15 04:17:00 UTC 2026","ua.kpi.sc.test.api.tests.auth.AuthLoginTest","Regression","ua.kpi.sc.test.api.tests.auth.AuthLoginTest","loginResponseContentTypeIsJson"
"","2173","No email sent for unknown user","Regression Tests","Sun Feb 15 04:17:03 UTC 2026","passed","Sun Feb 15 04:17:06 UTC 2026","ua.kpi.sc.test.api.tests.auth.AuthForgotPasswordTest","Regression","ua.kpi.sc.test.api.tests.auth.AuthForgotPasswordTest","noEmailSentForUnknownUser"
"","105","Update self profile returns 200","Regression Tests","Sun Feb 15 04:17:23 UTC 2026","passed","Sun Feb 15 04:17:23 UTC 2026","ua.kpi.sc.test.api.tests.user.UserSelfUpdateTest","Regression","ua.kpi.sc.test.api.tests.user.UserSelfUpdateTest","updateSelfReturns200"
"","17","Reset password with SQL injection in token is rejected","Regression Tests","Sun Feb 15 04:17:11 UTC 2026","passed","Sun Feb 15 04:17:11 UTC 2026","ua.kpi.sc.test.api.tests.auth.AuthResetPasswordTest","Regression","ua.kpi.sc.test.api.tests.auth.AuthResetPasswordTest","resetPasswordWithSqlInjectionInTokenReturns400"
"","61","PATCH /users/{id}/status for non-existent user returns 404","Regression Tests","Sun Feb 15 04:17:22 UTC 2026","passed","Sun Feb 15 04:17:22 UTC 2026","ua.kpi.sc.test.api.tests.user.UserUpdateStatusTest","Regression","ua.kpi.sc.test.api.tests.user.UserUpdateStatusTest","updateStatusForNonExistentUserReturns404"
"","25","Register with null email returns 400","Regression Tests","Sun Feb 15 04:17:25 UTC 2026","passed","Sun Feb 15 04:17:25 UTC 2026","ua.kpi.sc.test.api.tests.auth.AuthRegisterTest","Regression","ua.kpi.sc.test.api.tests.auth.AuthRegisterTest","registerWithNullEmailReturns400"
"","685","Multiple forgot password calls all return 204","Regression Tests","Sun Feb 15 04:17:01 UTC 2026","passed","Sun Feb 15 04:17:01 UTC 2026","ua.kpi.sc.test.api.tests.auth.AuthForgotPasswordTest","Regression","ua.kpi.sc.test.api.tests.auth.AuthForgotPasswordTest","multipleForgotPasswordCallsAllReturn204"
"","28","Register with whitespace-only name returns 400","Regression Tests","Sun Feb 15 04:17:28 UTC 2026","passed","Sun Feb 15 04:17:28 UTC 2026","ua.kpi.sc.test.api.tests.auth.AuthRegisterTest","Regression","ua.kpi.sc.test.api.tests.auth.AuthRegisterTest","registerWithWhitespaceOnlyNameReturns400"
"","1166","Login cookies have SameSite=Lax attribute","Regression Tests","Sun Feb 15 04:16:54 UTC 2026","passed","Sun Feb 15 04:16:55 UTC 2026","ua.kpi.sc.test.api.tests.auth.AuthCookieContractTest","Regression","ua.kpi.sc.test.api.tests.auth.AuthCookieContractTest","loginCookiesHaveSameSiteLax"
"","53","Delete non-existent user returns 404","Regression Tests","Sun Feb 15 04:17:28 UTC 2026","passed","Sun Feb 15 04:17:28 UTC 2026","ua.kpi.sc.test.api.tests.user.UserDeleteTest","Regression","ua.kpi.sc.test.api.tests.user.UserDeleteTest","deleteNonExistentUserReturns404"
"","22","Login with XSS in email returns 400","Regression Tests","Sun Feb 15 04:17:13 UTC 2026","passed","Sun Feb 15 04:17:13 UTC 2026","ua.kpi.sc.test.api.tests.auth.AuthLoginTest","Regression","ua.kpi.sc.test.api.tests.auth.AuthLoginTest","loginWithXssInEmailReturns400"
"","18","Google OAuth oauth_state cookie is HttpOnly","Regression Tests","Sun Feb 15 04:17:10 UTC 2026","passed","Sun Feb 15 04:17:10 UTC 2026","ua.kpi.sc.test.api.tests.auth.AuthGoogleOAuthTest","Regression","ua.kpi.sc.test.api.tests.auth.AuthGoogleOAuthTest","googleOAuthStateCookieIsHttpOnly"
"","28","PATCH /register returns 405","Regression Tests","Sun Feb 15 04:17:13 UTC 2026","passed","Sun Feb 15 04:17:13 UTC 2026","ua.kpi.sc.test.api.tests.auth.AuthRegisterTest","Regression","ua.kpi.sc.test.api.tests.auth.AuthRegisterTest","registerMethodNotAllowedPatch"
"","1251","Logout then login produces new tokens; new token works for getMe","Regression Tests","Sun Feb 15 04:17:01 UTC 2026","passed","Sun Feb 15 04:17:03 UTC 2026","ua.kpi.sc.test.api.tests.auth.AuthFlowTest","Regression","ua.kpi.sc.test.api.tests.auth.AuthFlowTest","logoutThenLoginProducesNewTokens"
"","693","PUT /me returns 405","Regression Tests","Sun Feb 15 04:17:10 UTC 2026","passed","Sun Feb 15 04:17:10 UTC 2026","ua.kpi.sc.test.api.tests.auth.AuthMeTest","Regression","ua.kpi.sc.test.api.tests.auth.AuthMeTest","meMethodNotAllowedPut"
"","132","PATCH /login returns 405","Regression Tests","Sun Feb 15 04:16:57 UTC 2026","passed","Sun Feb 15 04:16:57 UTC 2026","ua.kpi.sc.test.api.tests.auth.AuthLoginTest","Regression","ua.kpi.sc.test.api.tests.auth.AuthLoginTest","loginMethodNotAllowedPatch"
"","43","Forgot password with XSS in email returns 400","Regression Tests","Sun Feb 15 04:17:01 UTC 2026","passed","Sun Feb 15 04:17:01 UTC 2026","ua.kpi.sc.test.api.tests.auth.AuthForgotPasswordTest","Regression","ua.kpi.sc.test.api.tests.auth.AuthForgotPasswordTest","forgotPasswordWithXssInEmailReturns400"
"","40","Register with XML content type returns 415","Regression Tests","Sun Feb 15 04:17:28 UTC 2026","passed","Sun Feb 15 04:17:28 UTC 2026","ua.kpi.sc.test.api.tests.auth.AuthRegisterTest","Regression","ua.kpi.sc.test.api.tests.auth.AuthRegisterTest","registerWithXmlContentTypeReturns415"
"","24","Register with empty lastName returns 400","Regression Tests","Sun Feb 15 04:17:24 UTC 2026","passed","Sun Feb 15 04:17:24 UTC 2026","ua.kpi.sc.test.api.tests.auth.AuthRegisterTest","Regression","ua.kpi.sc.test.api.tests.auth.AuthRegisterTest","registerWithEmptyLastNameReturns400"
"","47","Forgot password with whitespace-only email returns 400","Regression Tests","Sun Feb 15 04:17:01 UTC 2026","passed","Sun Feb 15 04:17:01 UTC 2026","ua.kpi.sc.test.api.tests.auth.AuthForgotPasswordTest","Regression","ua.kpi.sc.test.api.tests.auth.AuthForgotPasswordTest","forgotPasswordWithWhitespaceEmailReturns400"
"","295","swaggerUiIsAccessible","Regression Tests","Sun Feb 15 04:17:14 UTC 2026","passed","Sun Feb 15 04:17:14 UTC 2026","ua.kpi.sc.test.api.tests.smoke.SwaggerAvailabilityTest","Regression","ua.kpi.sc.test.api.tests.smoke.SwaggerAvailabilityTest","swaggerUiIsAccessible"
"","1118","Full cycle: register -> login -> getMe -> logout -> getMe returns 200 or 401","Regression Tests","Sun Feb 15 04:17:07 UTC 2026","passed","Sun Feb 15 04:17:08 UTC 2026","ua.kpi.sc.test.api.tests.auth.AuthFlowTest","Regression","ua.kpi.sc.test.api.tests.auth.AuthFlowTest","registerLoginMeLogoutFullCycle"
"","4540","Create user with each tier level succeeds","Regression Tests","Sun Feb 15 04:17:17 UTC 2026","passed","Sun Feb 15 04:17:21 UTC 2026","ua.kpi.sc.test.api.tests.user.UserCreateTest","Regression","ua.kpi.sc.test.api.tests.user.UserCreateTest","createUserWithEachTier"
"","946","Multiple forgot-password requests — all return 204","Regression Tests","Sun Feb 15 04:17:01 UTC 2026","passed","Sun Feb 15 04:17:02 UTC 2026","ua.kpi.sc.test.api.tests.auth.AuthPasswordResetFlowTest","Regression","ua.kpi.sc.test.api.tests.auth.AuthPasswordResetFlowTest","multipleForgotPasswordRequestsAllReturn204"
"","726","List users pagination works","Regression Tests","Sun Feb 15 04:17:27 UTC 2026","passed","Sun Feb 15 04:17:28 UTC 2026","ua.kpi.sc.test.api.tests.user.UserTest","Regression","ua.kpi.sc.test.api.tests.user.UserTest","listUsersPaginationWorks"
"","49","Register with special chars in name returns 400","Regression Tests","Sun Feb 15 04:17:25 UTC 2026","passed","Sun Feb 15 04:17:25 UTC 2026","ua.kpi.sc.test.api.tests.auth.AuthRegisterTest","Regression","ua.kpi.sc.test.api.tests.auth.AuthRegisterTest","registerWithNameContainingSpecialCharsReturns400"
"","598","POST /me returns 405","Regression Tests","Sun Feb 15 04:17:09 UTC 2026","passed","Sun Feb 15 04:17:10 UTC 2026","ua.kpi.sc.test.api.tests.auth.AuthMeTest","Regression","ua.kpi.sc.test.api.tests.auth.AuthMeTest","meMethodNotAllowedPost"
"","974","Login returns same firstName and lastName as registered","Regression Tests","Sun Feb 15 04:17:07 UTC 2026","passed","Sun Feb 15 04:17:08 UTC 2026","ua.kpi.sc.test.api.tests.auth.AuthLoginTest","Regression","ua.kpi.sc.test.api.tests.auth.AuthLoginTest","loginReturnsSameFirstAndLastName"
"","618","DELETE /logout returns 405","Regression Tests","Sun Feb 15 04:17:16 UTC 2026","passed","Sun Feb 15 04:17:16 UTC 2026","ua.kpi.sc.test.api.tests.auth.AuthLogoutTest","Regression","ua.kpi.sc.test.api.tests.auth.AuthLogoutTest","logoutMethodNotAllowedDelete"
"","89","Register with 128 char password returns 400 (exceeds BCrypt 72-byte limit)","Regression Tests","Sun Feb 15 04:17:25 UTC 2026","passed","Sun Feb 15 04:17:25 UTC 2026","ua.kpi.sc.test.api.tests.auth.AuthRegisterTest","Regression","ua.kpi.sc.test.api.tests.auth.AuthRegisterTest","registerWithLongPassword"
"","486","Register response matches auth-user-response schema","Regression Tests","Sun Feb 15 04:17:16 UTC 2026","passed","Sun Feb 15 04:17:17 UTC 2026","ua.kpi.sc.test.api.tests.auth.AuthRegisterTest","Regression","ua.kpi.sc.test.api.tests.auth.AuthRegisterTest","registerResponseMatchesSchema"
"","45","Assign to non-existent user returns 404","Regression Tests","Sun Feb 15 04:17:26 UTC 2026","passed","Sun Feb 15 04:17:26 UTC 2026","ua.kpi.sc.test.api.tests.user.UserAssignPartnerTest","Regression","ua.kpi.sc.test.api.tests.user.UserAssignPartnerTest","assignToNonExistentUserReturns404"
"","42","Reset password 400 contains meaningful detail","Regression Tests","Sun Feb 15 04:17:05 UTC 2026","passed","Sun Feb 15 04:17:05 UTC 2026","ua.kpi.sc.test.api.tests.auth.AuthResetPasswordTest","Regression","ua.kpi.sc.test.api.tests.auth.AuthResetPasswordTest","resetPassword400ContainsMeaningfulDetail"
"","5329","Register user A and user B -> getMe returns different ids and emails","Regression Tests","Sun Feb 15 04:16:51 UTC 2026","passed","Sun Feb 15 04:16:56 UTC 2026","ua.kpi.sc.test.api.tests.auth.AuthFlowTest","Regression","ua.kpi.sc.test.api.tests.auth.AuthFlowTest","concurrentRegistrationsDifferentUsers"
"","594","73-char new password returns 400","Regression Tests","Sun Feb 15 04:17:35 UTC 2026","passed","Sun Feb 15 04:17:35 UTC 2026","ua.kpi.sc.test.api.tests.user.UserChangePasswordTest","Regression","ua.kpi.sc.test.api.tests.user.UserChangePasswordTest","tooLongNewPasswordReturns400"
"","54","PATCH /reset-password returns 405","Regression Tests","Sun Feb 15 04:17:06 UTC 2026","passed","Sun Feb 15 04:17:06 UTC 2026","ua.kpi.sc.test.api.tests.auth.AuthResetPasswordTest","Regression","ua.kpi.sc.test.api.tests.auth.AuthResetPasswordTest","resetPasswordMethodNotAllowedPatch"
"","712","GET /logout returns 405","Regression Tests","Sun Feb 15 04:17:16 UTC 2026","passed","Sun Feb 15 04:17:17 UTC 2026","ua.kpi.sc.test.api.tests.auth.AuthLogoutTest","Regression","ua.kpi.sc.test.api.tests.auth.AuthLogoutTest","logoutMethodNotAllowedGet"
"","32","Logout with expired JWT returns 401","Regression Tests","Sun Feb 15 04:17:19 UTC 2026","passed","Sun Feb 15 04:17:19 UTC 2026","ua.kpi.sc.test.api.tests.auth.AuthLogoutTest","Regression","ua.kpi.sc.test.api.tests.auth.AuthLogoutTest","logoutWithExpiredTokenReturns401"
"","5283","Login 401 does not reveal whether user exists","Regression Tests","Sun Feb 15 04:16:51 UTC 2026","passed","Sun Feb 15 04:16:56 UTC 2026","ua.kpi.sc.test.api.tests.auth.AuthLoginTest","Regression","ua.kpi.sc.test.api.tests.auth.AuthLoginTest","login401DoesNotRevealUserExistence"
"","67","Create user with short password returns 400","Regression Tests","Sun Feb 15 04:17:17 UTC 2026","passed","Sun Feb 15 04:17:17 UTC 2026","ua.kpi.sc.test.api.tests.user.UserCreateTest","Regression","ua.kpi.sc.test.api.tests.user.UserCreateTest","createUserShortPasswordReturns400"
"","73","Create user with blank names returns 400","Regression Tests","Sun Feb 15 04:17:15 UTC 2026","passed","Sun Feb 15 04:17:15 UTC 2026","ua.kpi.sc.test.api.tests.user.UserCreateTest","Regression","ua.kpi.sc.test.api.tests.user.UserCreateTest","createUserBlankNamesReturns400"
"","45","Register with invalid email format returns 400","Regression Tests","Sun Feb 15 04:17:25 UTC 2026","passed","Sun Feb 15 04:17:25 UTC 2026","ua.kpi.sc.test.api.tests.auth.AuthRegisterTest","Regression","ua.kpi.sc.test.api.tests.auth.AuthRegisterTest","registerWithInvalidEmailFormatReturns400"
"","31","Refresh 401 matches ProblemDetail schema","Regression Tests","Sun Feb 15 04:17:12 UTC 2026","passed","Sun Feb 15 04:17:12 UTC 2026","ua.kpi.sc.test.api.tests.auth.AuthRefreshTest","Regression","ua.kpi.sc.test.api.tests.auth.AuthRefreshTest","refreshProblemDetailSchemaOn401"
"","3662","Full flow works again after a complete reset cycle","Regression Tests","Sun Feb 15 04:16:56 UTC 2026","passed","Sun Feb 15 04:16:59 UTC 2026","ua.kpi.sc.test.api.tests.auth.AuthPasswordResetFlowTest","Regression","ua.kpi.sc.test.api.tests.auth.AuthPasswordResetFlowTest","fullFlowWorksAgainAfterCompleteCycle"
"","700","Register returns the same email in response","Regression Tests","Sun Feb 15 04:17:18 UTC 2026","passed","Sun Feb 15 04:17:18 UTC 2026","ua.kpi.sc.test.api.tests.auth.AuthRegisterTest","Regression","ua.kpi.sc.test.api.tests.auth.AuthRegisterTest","registerReturnsSameEmailInResponse"
"","97","DELETE /forgot-password returns 405","Regression Tests","Sun Feb 15 04:16:57 UTC 2026","passed","Sun Feb 15 04:16:57 UTC 2026","ua.kpi.sc.test.api.tests.auth.AuthForgotPasswordTest","Regression","ua.kpi.sc.test.api.tests.auth.AuthForgotPasswordTest","forgotPasswordMethodNotAllowedDelete"
"","17","Register with null password returns 400","Regression Tests","Sun Feb 15 04:17:26 UTC 2026","passed","Sun Feb 15 04:17:26 UTC 2026","ua.kpi.sc.test.api.tests.auth.AuthRegisterTest","Regression","ua.kpi.sc.test.api.tests.auth.AuthRegisterTest","registerWithNullPasswordReturns400"
"","199","Register 400 matches ProblemDetail schema","Regression Tests","Sun Feb 15 04:17:15 UTC 2026","passed","Sun Feb 15 04:17:15 UTC 2026","ua.kpi.sc.test.api.tests.auth.AuthRegisterTest","Regression","ua.kpi.sc.test.api.tests.auth.AuthRegisterTest","registerProblemDetailSchemaOn400"
"","579","Assign partner level upserts existing","Regression Tests","Sun Feb 15 04:17:26 UTC 2026","passed","Sun Feb 15 04:17:26 UTC 2026","ua.kpi.sc.test.api.tests.user.UserAssignPartnerTest","Regression","ua.kpi.sc.test.api.tests.user.UserAssignPartnerTest","assignPartnerUpserts"
"","1149","Reset password 204 response has empty body (no JSON)","Regression Tests","Sun Feb 15 04:17:06 UTC 2026","passed","Sun Feb 15 04:17:08 UTC 2026","ua.kpi.sc.test.api.tests.auth.AuthResetPasswordTest","Regression","ua.kpi.sc.test.api.tests.auth.AuthResetPasswordTest","resetPasswordResponseHasEmptyBody"
"","990","Created user appears in user list","Regression Tests","Sun Feb 15 04:17:22 UTC 2026","passed","Sun Feb 15 04:17:23 UTC 2026","ua.kpi.sc.test.api.tests.user.UserCreateTest","Regression","ua.kpi.sc.test.api.tests.user.UserCreateTest","createdUserAppearsInList"
"","81","GET /auth/me without token returns 401","Regression Tests","Sun Feb 15 04:17:20 UTC 2026","passed","Sun Feb 15 04:17:20 UTC 2026","ua.kpi.sc.test.api.tests.auth.AuthMeTest","Regression","ua.kpi.sc.test.api.tests.auth.AuthMeTest","meWithoutAuthReturns401"
"","17","PUT /register returns 405","Regression Tests","Sun Feb 15 04:17:13 UTC 2026","passed","Sun Feb 15 04:17:13 UTC 2026","ua.kpi.sc.test.api.tests.auth.AuthRegisterTest","Regression","ua.kpi.sc.test.api.tests.auth.AuthRegisterTest","registerMethodNotAllowedPut"
